{"type":"FeatureCollection","features":[{"type":"Feature","properties":{"jobs":66,"pop":564,"pointCount":3,"homeWorkCommuteMedian":3637,"workHomeCommuteMedian":10533},"geometry":{"type":"Polygon","coordinates":[[[-87.49115275640156,20.20308137449079],[-87.49115275640156,20.212074578128036],[-87.48215955276432,20.212074578128036],[-87.48215955276432,20.20308137449079],[-87.49115275640156,20.20308137449079]]]}},{"type":"Feature","properties":{"jobs":8,"pop":142,"pointCount":2,"homeWorkCommuteMedian":8424,"workHomeCommuteMedian":3673},"geometry":{"type":"Polygon","coordinates":[[[-87.48215955276432,20.194088170853544],[-87.48215955276432,20.20308137449079],[-87.47316634912707,20.20308137449079],[-87.47316634912707,20.194088170853544],[-87.48215955276432,20.194088170853544]]]}},{"type":"Feature","properties":{"jobs":537,"pop":81,"pointCount":3,"homeWorkCommuteMedian":6952,"workHomeCommuteMedian":1656},"geometry":{"type":"Polygon","coordinates":[[[-87.48215955276432,20.20308137449079],[-87.48215955276432,20.212074578128036],[-87.47316634912707,20.212074578128036],[-87.47316634912707,20.20308137449079],[-87.48215955276432,20.20308137449079]]]}},{"type":"Feature","properties":{"jobs":115,"pop":518,"pointCount":2,"homeWorkCommuteMedian":8730,"workHomeCommuteMedian":2733},"geometry":{"type":"Polygon","coordinates":[[[-87.48215955276432,20.212074578128036],[-87.48215955276432,20.22106778176528],[-87.47316634912707,20.22106778176528],[-87.47316634912707,20.212074578128036],[-87.48215955276432,20.212074578128036]]]}},{"type":"Feature","properties":{"jobs":616,"pop":0,"pointCount":1,"homeWorkCommuteMedian":-1,"workHomeCommuteMedian":11009},"geometry":{"type":"Polygon","coordinates":[[[-87.47316634912707,20.13113574539282],[-87.47316634912707,20.140128949030068],[-87.46417314548982,20.140128949030068],[-87.46417314548982,20.13113574539282],[-87.47316634912707,20.13113574539282]]]}},{"type":"Feature","properties":{"jobs":90,"pop":85,"pointCount":2,"homeWorkCommuteMedian":1531,"workHomeCommuteMedian":3025},"geometry":{"type":"Polygon","coordinates":[[[-87.47316634912707,20.194088170853544],[-87.47316634912707,20.20308137449079],[-87.46417314548982,20.20308137449079],[-87.46417314548982,20.194088170853544],[-87.47316634912707,20.194088170853544]]]}},{"type":"Feature","properties":{"jobs":1037,"pop":4004,"pointCount":10,"homeWorkCommuteMedian":3732,"workHomeCommuteMedian":1875},"geometry":{"type":"Polygon","coordinates":[[[-87.47316634912707,20.20308137449079],[-87.47316634912707,20.212074578128036],[-87.46417314548982,20.212074578128036],[-87.46417314548982,20.20308137449079],[-87.47316634912707,20.20308137449079]]]}},{"type":"Feature","properties":{"jobs":679,"pop":2907,"pointCount":10,"homeWorkCommuteMedian":2960,"workHomeCommuteMedian":1854},"geometry":{"type":"Polygon","coordinates":[[[-87.47316634912707,20.212074578128036],[-87.47316634912707,20.22106778176528],[-87.46417314548982,20.22106778176528],[-87.46417314548982,20.212074578128036],[-87.47316634912707,20.212074578128036]]]}},{"type":"Feature","properties":{"jobs":724,"pop":0,"pointCount":2,"homeWorkCommuteMedian":-1,"workHomeCommuteMedian":10146},"geometry":{"type":"Polygon","coordinates":[[[-87.46417314548982,20.13113574539282],[-87.46417314548982,20.140128949030068],[-87.45517994185258,20.140128949030068],[-87.45517994185258,20.13113574539282],[-87.46417314548982,20.13113574539282]]]}},{"type":"Feature","properties":{"jobs":1010,"pop":0,"pointCount":3,"homeWorkCommuteMedian":-1,"workHomeCommuteMedian":9644},"geometry":{"type":"Polygon","coordinates":[[[-87.46417314548982,20.140128949030068],[-87.46417314548982,20.149122152667314],[-87.45517994185258,20.149122152667314],[-87.45517994185258,20.140128949030068],[-87.46417314548982,20.140128949030068]]]}},{"type":"Feature","properties":{"jobs":725,"pop":9,"pointCount":3,"homeWorkCommuteMedian":10533,"workHomeCommuteMedian":8796},"geometry":{"type":"Polygon","coordinates":[[[-87.46417314548982,20.149122152667314],[-87.46417314548982,20.15811535630456],[-87.45517994185258,20.15811535630456],[-87.45517994185258,20.149122152667314],[-87.46417314548982,20.149122152667314]]]}},{"type":"Feature","properties":{"jobs":136,"pop":0,"pointCount":2,"homeWorkCommuteMedian":-1,"workHomeCommuteMedian":2193},"geometry":{"type":"Polygon","coordinates":[[[-87.46417314548982,20.194088170853544],[-87.46417314548982,20.20308137449079],[-87.45517994185258,20.20308137449079],[-87.45517994185258,20.194088170853544],[-87.46417314548982,20.194088170853544]]]}},{"type":"Feature","properties":{"jobs":4068,"pop":3874,"pointCount":9,"homeWorkCommuteMedian":2733,"workHomeCommuteMedian":1101},"geometry":{"type":"Polygon","coordinates":[[[-87.46417314548982,20.20308137449079],[-87.46417314548982,20.212074578128036],[-87.45517994185258,20.212074578128036],[-87.45517994185258,20.20308137449079],[-87.46417314548982,20.20308137449079]]]}},{"type":"Feature","properties":{"jobs":1396,"pop":4035,"pointCount":9,"homeWorkCommuteMedian":4739,"workHomeCommuteMedian":1926},"geometry":{"type":"Polygon","coordinates":[[[-87.46417314548982,20.212074578128036],[-87.46417314548982,20.22106778176528],[-87.45517994185258,20.22106778176528],[-87.45517994185258,20.212074578128036],[-87.46417314548982,20.212074578128036]]]}},{"type":"Feature","properties":{"jobs":195,"pop":0,"pointCount":1,"homeWorkCommuteMedian":-1,"workHomeCommuteMedian":2304},"geometry":{"type":"Polygon","coordinates":[[[-87.46417314548982,20.22106778176528],[-87.46417314548982,20.230060985402528],[-87.45517994185258,20.230060985402528],[-87.45517994185258,20.22106778176528],[-87.46417314548982,20.22106778176528]]]}},{"type":"Feature","properties":{"jobs":1169,"pop":0,"pointCount":2,"homeWorkCommuteMedian":-1,"workHomeCommuteMedian":6830},"geometry":{"type":"Polygon","coordinates":[[[-87.45517994185258,20.15811535630456],[-87.45517994185258,20.167108559941806],[-87.44618673821533,20.167108559941806],[-87.44618673821533,20.15811535630456],[-87.45517994185258,20.15811535630456]]]}},{"type":"Feature","properties":{"jobs":117,"pop":0,"pointCount":2,"homeWorkCommuteMedian":-1,"workHomeCommuteMedian":6912},"geometry":{"type":"Polygon","coordinates":[[[-87.45517994185258,20.167108559941806],[-87.45517994185258,20.17610176357905],[-87.44618673821533,20.17610176357905],[-87.44618673821533,20.167108559941806],[-87.45517994185258,20.167108559941806]]]}},{"type":"Feature","properties":{"jobs":556,"pop":0,"pointCount":1,"homeWorkCommuteMedian":-1,"workHomeCommuteMedian":6405},"geometry":{"type":"Polygon","coordinates":[[[-87.45517994185258,20.17610176357905],[-87.45517994185258,20.185094967216298],[-87.44618673821533,20.185094967216298],[-87.44618673821533,20.17610176357905],[-87.45517994185258,20.17610176357905]]]}},{"type":"Feature","properties":{"jobs":21,"pop":53,"pointCount":2,"homeWorkCommuteMedian":1529,"workHomeCommuteMedian":1085},"geometry":{"type":"Polygon","coordinates":[[[-87.45517994185258,20.194088170853544],[-87.45517994185258,20.20308137449079],[-87.44618673821533,20.20308137449079],[-87.44618673821533,20.194088170853544],[-87.45517994185258,20.194088170853544]]]}},{"type":"Feature","properties":{"jobs":893,"pop":651,"pointCount":3,"homeWorkCommuteMedian":3673,"workHomeCommuteMedian":3014},"geometry":{"type":"Polygon","coordinates":[[[-87.45517994185258,20.20308137449079],[-87.45517994185258,20.212074578128036],[-87.44618673821533,20.212074578128036],[-87.44618673821533,20.20308137449079],[-87.45517994185258,20.20308137449079]]]}},{"type":"Feature","properties":{"jobs":1520,"pop":1114,"pointCount":3,"homeWorkCommuteMedian":4052,"workHomeCommuteMedian":2521},"geometry":{"type":"Polygon","coordinates":[[[-87.45517994185258,20.212074578128036],[-87.45517994185258,20.22106778176528],[-87.44618673821533,20.22106778176528],[-87.44618673821533,20.212074578128036],[-87.45517994185258,20.212074578128036]]]}},{"type":"Feature","properties":{"jobs":117,"pop":0,"pointCount":1,"homeWorkCommuteMedian":-1,"workHomeCommuteMedian":4783},"geometry":{"type":"Polygon","coordinates":[[[-87.44618673821533,20.17610176357905],[-87.44618673821533,20.185094967216298],[-87.43719353457809,20.185094967216298],[-87.43719353457809,20.17610176357905],[-87.44618673821533,20.17610176357905]]]}},{"type":"Feature","properties":{"jobs":500,"pop":0,"pointCount":2,"homeWorkCommuteMedian":-1,"workHomeCommuteMedian":5137},"geometry":{"type":"Polygon","coordinates":[[[-87.44618673821533,20.185094967216298],[-87.44618673821533,20.194088170853544],[-87.43719353457809,20.194088170853544],[-87.43719353457809,20.185094967216298],[-87.44618673821533,20.185094967216298]]]}},{"type":"Feature","properties":{"jobs":215,"pop":0,"pointCount":1,"homeWorkCommuteMedian":-1,"workHomeCommuteMedian":5697},"geometry":{"type":"Polygon","coordinates":[[[-87.44618673821533,20.194088170853544],[-87.44618673821533,20.20308137449079],[-87.43719353457809,20.20308137449079],[-87.43719353457809,20.194088170853544],[-87.44618673821533,20.194088170853544]]]}},{"type":"Feature","properties":{"jobs":37,"pop":0,"pointCount":1,"homeWorkCommuteMedian":-1,"workHomeCommuteMedian":3542},"geometry":{"type":"Polygon","coordinates":[[[-87.44618673821533,20.212074578128036],[-87.44618673821533,20.22106778176528],[-87.43719353457809,20.22106778176528],[-87.43719353457809,20.212074578128036],[-87.44618673821533,20.212074578128036]]]}},{"type":"Feature","properties":{"jobs":23,"pop":0,"pointCount":1,"homeWorkCommuteMedian":-1,"workHomeCommuteMedian":5662},"geometry":{"type":"Polygon","coordinates":[[[-87.43719353457809,20.194088170853544],[-87.43719353457809,20.20308137449079],[-87.42820033094084,20.20308137449079],[-87.42820033094084,20.194088170853544],[-87.43719353457809,20.194088170853544]]]}},{"type":"Feature","properties":{"jobs":14,"pop":0,"pointCount":1,"homeWorkCommuteMedian":-1,"workHomeCommuteMedian":8730},"geometry":{"type":"Polygon","coordinates":[[[-87.43719353457809,20.20308137449079],[-87.43719353457809,20.212074578128036],[-87.42820033094084,20.212074578128036],[-87.42820033094084,20.20308137449079],[-87.43719353457809,20.20308137449079]]]}},{"type":"Feature","properties":{"jobs":183,"pop":0,"pointCount":1,"homeWorkCommuteMedian":-1,"workHomeCommuteMedian":4594},"geometry":{"type":"Polygon","coordinates":[[[-87.43719353457809,20.212074578128036],[-87.43719353457809,20.22106778176528],[-87.42820033094084,20.22106778176528],[-87.42820033094084,20.212074578128036],[-87.43719353457809,20.212074578128036]]]}},{"type":"Feature","properties":{"jobs":621,"pop":0,"pointCount":1,"homeWorkCommuteMedian":-1,"workHomeCommuteMedian":9640},"geometry":{"type":"Polygon","coordinates":[[[-87.41021392366635,20.24804739267702],[-87.41021392366635,20.257040596314265],[-87.4012207200291,20.257040596314265],[-87.4012207200291,20.24804739267702],[-87.41021392366635,20.24804739267702]]]}},{"type":"Feature","properties":{"jobs":249,"pop":0,"pointCount":2,"homeWorkCommuteMedian":-1,"workHomeCommuteMedian":57317},"geometry":{"type":"Polygon","coordinates":[[[-87.38323431275461,20.284020207226003],[-87.38323431275461,20.29301341086325],[-87.37424110911736,20.29301341086325],[-87.37424110911736,20.284020207226003],[-87.38323431275461,20.284020207226003]]]}},{"type":"Feature","properties":{"jobs":257,"pop":0,"pointCount":1,"homeWorkCommuteMedian":-1,"workHomeCommuteMedian":19879},"geometry":{"type":"Polygon","coordinates":[[[-87.36524790548012,20.31099981813774],[-87.36524790548012,20.319993021774987],[-87.35625470184287,20.319993021774987],[-87.35625470184287,20.31099981813774],[-87.36524790548012,20.31099981813774]]]}},{"type":"Feature","properties":{"jobs":371,"pop":0,"pointCount":1,"homeWorkCommuteMedian":-1,"workHomeCommuteMedian":26400},"geometry":{"type":"Polygon","coordinates":[[[-87.36524790548012,20.346972632686725],[-87.36524790548012,20.35596583632397],[-87.35625470184287,20.35596583632397],[-87.35625470184287,20.346972632686725],[-87.36524790548012,20.346972632686725]]]}},{"type":"Feature","properties":{"jobs":269,"pop":0,"pointCount":1,"homeWorkCommuteMedian":-1,"workHomeCommuteMedian":60396},"geometry":{"type":"Polygon","coordinates":[[[-87.35625470184287,20.346972632686725],[-87.35625470184287,20.35596583632397],[-87.34726149820563,20.35596583632397],[-87.34726149820563,20.346972632686725],[-87.35625470184287,20.346972632686725]]]}},{"type":"Feature","properties":{"jobs":491,"pop":0,"pointCount":1,"homeWorkCommuteMedian":-1,"workHomeCommuteMedian":23262},"geometry":{"type":"Polygon","coordinates":[[[-87.35625470184287,20.598782334529613],[-87.35625470184287,20.60777553816686],[-87.34726149820563,20.60777553816686],[-87.34726149820563,20.598782334529613],[-87.35625470184287,20.598782334529613]]]}},{"type":"Feature","properties":{"jobs":218,"pop":0,"pointCount":1,"homeWorkCommuteMedian":-1,"workHomeCommuteMedian":21484},"geometry":{"type":"Polygon","coordinates":[[[-87.34726149820563,20.35596583632397],[-87.34726149820563,20.364959039961217],[-87.33826829456838,20.364959039961217],[-87.33826829456838,20.35596583632397],[-87.34726149820563,20.35596583632397]]]}},{"type":"Feature","properties":{"jobs":1304,"pop":0,"pointCount":3,"homeWorkCommuteMedian":-1,"workHomeCommuteMedian":21274},"geometry":{"type":"Polygon","coordinates":[[[-87.33826829456838,20.364959039961217],[-87.33826829456838,20.373952243598463],[-87.32927509093113,20.373952243598463],[-87.32927509093113,20.364959039961217],[-87.33826829456838,20.364959039961217]]]}},{"type":"Feature","properties":{"jobs":36,"pop":0,"pointCount":1,"homeWorkCommuteMedian":-1,"workHomeCommuteMedian":36649},"geometry":{"type":"Polygon","coordinates":[[[-87.33826829456838,20.4009318545102],[-87.33826829456838,20.409925058147447],[-87.32927509093113,20.409925058147447],[-87.32927509093113,20.4009318545102],[-87.33826829456838,20.4009318545102]]]}},{"type":"Feature","properties":{"jobs":167,"pop":0,"pointCount":1,"homeWorkCommuteMedian":-1,"workHomeCommuteMedian":27126},"geometry":{"type":"Polygon","coordinates":[[[-87.32927509093113,20.373952243598463],[-87.32927509093113,20.38294544723571],[-87.32028188729389,20.38294544723571],[-87.32028188729389,20.373952243598463],[-87.32927509093113,20.373952243598463]]]}},{"type":"Feature","properties":{"jobs":105,"pop":0,"pointCount":1,"homeWorkCommuteMedian":-1,"workHomeCommuteMedian":25049},"geometry":{"type":"Polygon","coordinates":[[[-87.32927509093113,20.38294544723571],[-87.32927509093113,20.391938650872955],[-87.32028188729389,20.391938650872955],[-87.32028188729389,20.38294544723571],[-87.32927509093113,20.38294544723571]]]}},{"type":"Feature","properties":{"jobs":344,"pop":0,"pointCount":2,"homeWorkCommuteMedian":-1,"workHomeCommuteMedian":43506},"geometry":{"type":"Polygon","coordinates":[[[-87.32927509093113,20.391938650872955],[-87.32927509093113,20.4009318545102],[-87.32028188729389,20.4009318545102],[-87.32028188729389,20.391938650872955],[-87.32927509093113,20.391938650872955]]]}},{"type":"Feature","properties":{"jobs":206,"pop":0,"pointCount":1,"homeWorkCommuteMedian":-1,"workHomeCommuteMedian":17734},"geometry":{"type":"Polygon","coordinates":[[[-87.32927509093113,20.4009318545102],[-87.32927509093113,20.409925058147447],[-87.32028188729389,20.409925058147447],[-87.32028188729389,20.4009318545102],[-87.32927509093113,20.4009318545102]]]}},{"type":"Feature","properties":{"jobs":684,"pop":0,"pointCount":2,"homeWorkCommuteMedian":-1,"workHomeCommuteMedian":19008},"geometry":{"type":"Polygon","coordinates":[[[-87.32028188729389,20.391938650872955],[-87.32028188729389,20.4009318545102],[-87.31128868365664,20.4009318545102],[-87.31128868365664,20.391938650872955],[-87.32028188729389,20.391938650872955]]]}},{"type":"Feature","properties":{"jobs":26,"pop":0,"pointCount":1,"homeWorkCommuteMedian":-1,"workHomeCommuteMedian":27609},"geometry":{"type":"Polygon","coordinates":[[[-87.31128868365664,20.4009318545102],[-87.31128868365664,20.409925058147447],[-87.3022954800194,20.409925058147447],[-87.3022954800194,20.4009318545102],[-87.31128868365664,20.4009318545102]]]}},{"type":"Feature","properties":{"jobs":1707,"pop":0,"pointCount":2,"homeWorkCommuteMedian":-1,"workHomeCommuteMedian":14557},"geometry":{"type":"Polygon","coordinates":[[[-87.29330227638215,20.44589787269643],[-87.29330227638215,20.454891076333677],[-87.2843090727449,20.454891076333677],[-87.2843090727449,20.44589787269643],[-87.29330227638215,20.44589787269643]]]}},{"type":"Feature","properties":{"jobs":686,"pop":0,"pointCount":3,"homeWorkCommuteMedian":-1,"workHomeCommuteMedian":31947},"geometry":{"type":"Polygon","coordinates":[[[-87.26632266547041,20.47287748360817],[-87.26632266547041,20.481870687245415],[-87.25732946183317,20.481870687245415],[-87.25732946183317,20.47287748360817],[-87.26632266547041,20.47287748360817]]]}},{"type":"Feature","properties":{"jobs":175,"pop":0,"pointCount":1,"homeWorkCommuteMedian":-1,"workHomeCommuteMedian":7706},"geometry":{"type":"Polygon","coordinates":[[[-87.25732946183317,20.47287748360817],[-87.25732946183317,20.481870687245415],[-87.24833625819592,20.481870687245415],[-87.24833625819592,20.47287748360817],[-87.25732946183317,20.47287748360817]]]}},{"type":"Feature","properties":{"jobs":610,"pop":0,"pointCount":2,"homeWorkCommuteMedian":-1,"workHomeCommuteMedian":5940},"geometry":{"type":"Polygon","coordinates":[[[-87.24833625819592,20.481870687245415],[-87.24833625819592,20.49086389088266],[-87.23934305455867,20.49086389088266],[-87.23934305455867,20.481870687245415],[-87.24833625819592,20.481870687245415]]]}},{"type":"Feature","properties":{"jobs":53,"pop":0,"pointCount":1,"homeWorkCommuteMedian":-1,"workHomeCommuteMedian":1418},"geometry":{"type":"Polygon","coordinates":[[[-87.24833625819592,20.5178435017944],[-87.24833625819592,20.526836705431645],[-87.23934305455867,20.526836705431645],[-87.23934305455867,20.5178435017944],[-87.24833625819592,20.5178435017944]]]}},{"type":"Feature","properties":{"jobs":1,"pop":0,"pointCount":1,"homeWorkCommuteMedian":-1,"workHomeCommuteMedian":8822},"geometry":{"type":"Polygon","coordinates":[[[-87.23934305455867,20.481870687245415],[-87.23934305455867,20.49086389088266],[-87.23034985092143,20.49086389088266],[-87.23034985092143,20.481870687245415],[-87.23934305455867,20.481870687245415]]]}},{"type":"Feature","properties":{"jobs":1282,"pop":1,"pointCount":2,"homeWorkCommuteMedian":8822,"workHomeCommuteMedian":3237},"geometry":{"type":"Polygon","coordinates":[[[-87.23934305455867,20.49086389088266],[-87.23934305455867,20.499857094519907],[-87.23034985092143,20.499857094519907],[-87.23034985092143,20.49086389088266],[-87.23934305455867,20.49086389088266]]]}},{"type":"Feature","properties":{"jobs":613,"pop":678,"pointCount":2,"homeWorkCommuteMedian":8844,"workHomeCommuteMedian":27147},"geometry":{"type":"Polygon","coordinates":[[[-87.23934305455867,20.499857094519907],[-87.23934305455867,20.508850298157153],[-87.23034985092143,20.508850298157153],[-87.23034985092143,20.499857094519907],[-87.23934305455867,20.499857094519907]]]}},{"type":"Feature","properties":{"jobs":1076,"pop":3848,"pointCount":6,"homeWorkCommuteMedian":17734,"workHomeCommuteMedian":3673},"geometry":{"type":"Polygon","coordinates":[[[-87.23934305455867,20.508850298157153],[-87.23934305455867,20.5178435017944],[-87.23034985092143,20.5178435017944],[-87.23034985092143,20.508850298157153],[-87.23934305455867,20.508850298157153]]]}},{"type":"Feature","properties":{"jobs":165,"pop":2505,"pointCount":2,"homeWorkCommuteMedian":22645,"workHomeCommuteMedian":1375},"geometry":{"type":"Polygon","coordinates":[[[-87.23934305455867,20.5178435017944],[-87.23934305455867,20.526836705431645],[-87.23034985092143,20.526836705431645],[-87.23034985092143,20.5178435017944],[-87.23934305455867,20.5178435017944]]]}},{"type":"Feature","properties":{"jobs":933,"pop":1274,"pointCount":5,"homeWorkCommuteMedian":24266,"workHomeCommuteMedian":2210},"geometry":{"type":"Polygon","coordinates":[[[-87.23034985092143,20.499857094519907],[-87.23034985092143,20.508850298157153],[-87.22135664728418,20.508850298157153],[-87.22135664728418,20.499857094519907],[-87.23034985092143,20.499857094519907]]]}},{"type":"Feature","properties":{"jobs":839,"pop":4494,"pointCount":5,"homeWorkCommuteMedian":20629,"workHomeCommuteMedian":958},"geometry":{"type":"Polygon","coordinates":[[[-87.23034985092143,20.508850298157153],[-87.23034985092143,20.5178435017944],[-87.22135664728418,20.5178435017944],[-87.22135664728418,20.508850298157153],[-87.23034985092143,20.508850298157153]]]}},{"type":"Feature","properties":{"jobs":96,"pop":0,"pointCount":1,"homeWorkCommuteMedian":-1,"workHomeCommuteMedian":3416},"geometry":{"type":"Polygon","coordinates":[[[-87.23034985092143,20.976496887293944],[-87.23034985092143,20.98549009093119],[-87.22135664728418,20.98549009093119],[-87.22135664728418,20.976496887293944],[-87.23034985092143,20.976496887293944]]]}},{"type":"Feature","properties":{"jobs":730,"pop":5,"pointCount":1,"homeWorkCommuteMedian":23518,"workHomeCommuteMedian":3477},"geometry":{"type":"Polygon","coordinates":[[[-87.22135664728418,20.499857094519907],[-87.22135664728418,20.508850298157153],[-87.21236344364694,20.508850298157153],[-87.21236344364694,20.499857094519907],[-87.22135664728418,20.499857094519907]]]}},{"type":"Feature","properties":{"jobs":0,"pop":45,"pointCount":4,"homeWorkCommuteMedian":59541,"workHomeCommuteMedian":-1},"geometry":{"type":"Polygon","coordinates":[[[-87.22135664728418,20.976496887293944],[-87.22135664728418,20.98549009093119],[-87.21236344364694,20.98549009093119],[-87.21236344364694,20.976496887293944],[-87.22135664728418,20.976496887293944]]]}},{"type":"Feature","properties":{"jobs":38,"pop":0,"pointCount":1,"homeWorkCommuteMedian":-1,"workHomeCommuteMedian":18225},"geometry":{"type":"Polygon","coordinates":[[[-87.21236344364694,20.508850298157153],[-87.21236344364694,20.5178435017944],[-87.20337024000969,20.5178435017944],[-87.20337024000969,20.508850298157153],[-87.21236344364694,20.508850298157153]]]}},{"type":"Feature","properties":{"jobs":69,"pop":196,"pointCount":2,"homeWorkCommuteMedian":44167,"workHomeCommuteMedian":1426},"geometry":{"type":"Polygon","coordinates":[[[-87.21236344364694,20.976496887293944],[-87.21236344364694,20.98549009093119],[-87.20337024000969,20.98549009093119],[-87.20337024000969,20.976496887293944],[-87.21236344364694,20.976496887293944]]]}},{"type":"Feature","properties":{"jobs":516,"pop":1166,"pointCount":7,"homeWorkCommuteMedian":21102,"workHomeCommuteMedian":488},"geometry":{"type":"Polygon","coordinates":[[[-87.21236344364694,20.98549009093119],[-87.21236344364694,20.994483294568436],[-87.20337024000969,20.994483294568436],[-87.20337024000969,20.98549009093119],[-87.21236344364694,20.98549009093119]]]}},{"type":"Feature","properties":{"jobs":46,"pop":453,"pointCount":3,"homeWorkCommuteMedian":1853,"workHomeCommuteMedian":2766},"geometry":{"type":"Polygon","coordinates":[[[-87.21236344364694,20.994483294568436],[-87.21236344364694,21.003476498205682],[-87.20337024000969,21.003476498205682],[-87.20337024000969,20.994483294568436],[-87.21236344364694,20.994483294568436]]]}},{"type":"Feature","properties":{"jobs":428,"pop":0,"pointCount":1,"homeWorkCommuteMedian":-1,"workHomeCommuteMedian":24086},"geometry":{"type":"Polygon","coordinates":[[[-87.20337024000969,20.526836705431645],[-87.20337024000969,20.53582990906889],[-87.19437703637244,20.53582990906889],[-87.19437703637244,20.526836705431645],[-87.20337024000969,20.526836705431645]]]}},{"type":"Feature","properties":{"jobs":0,"pop":253,"pointCount":2,"homeWorkCommuteMedian":73197,"workHomeCommuteMedian":-1},"geometry":{"type":"Polygon","coordinates":[[[-87.20337024000969,20.976496887293944],[-87.20337024000969,20.98549009093119],[-87.19437703637244,20.98549009093119],[-87.19437703637244,20.976496887293944],[-87.20337024000969,20.976496887293944]]]}},{"type":"Feature","properties":{"jobs":893,"pop":1353,"pointCount":6,"homeWorkCommuteMedian":41278,"workHomeCommuteMedian":1064},"geometry":{"type":"Polygon","coordinates":[[[-87.20337024000969,20.98549009093119],[-87.20337024000969,20.994483294568436],[-87.19437703637244,20.994483294568436],[-87.19437703637244,20.98549009093119],[-87.20337024000969,20.98549009093119]]]}},{"type":"Feature","properties":{"jobs":0,"pop":131,"pointCount":3,"homeWorkCommuteMedian":41742,"workHomeCommuteMedian":-1},"geometry":{"type":"Polygon","coordinates":[[[-87.20337024000969,20.994483294568436],[-87.20337024000969,21.003476498205682],[-87.19437703637244,21.003476498205682],[-87.19437703637244,20.994483294568436],[-87.20337024000969,20.994483294568436]]]}},{"type":"Feature","properties":{"jobs":0,"pop":139,"pointCount":2,"homeWorkCommuteMedian":31495,"workHomeCommuteMedian":-1},"geometry":{"type":"Polygon","coordinates":[[[-87.19437703637244,20.98549009093119],[-87.19437703637244,20.994483294568436],[-87.1853838327352,20.994483294568436],[-87.1853838327352,20.98549009093119],[-87.19437703637244,20.98549009093119]]]}},{"type":"Feature","properties":{"jobs":51,"pop":0,"pointCount":1,"homeWorkCommuteMedian":-1,"workHomeCommuteMedian":1861},"geometry":{"type":"Polygon","coordinates":[[[-87.19437703637244,20.994483294568436],[-87.19437703637244,21.003476498205682],[-87.1853838327352,21.003476498205682],[-87.1853838327352,20.994483294568436],[-87.19437703637244,20.994483294568436]]]}},{"type":"Feature","properties":{"jobs":666,"pop":0,"pointCount":2,"homeWorkCommuteMedian":-1,"workHomeCommuteMedian":5340},"geometry":{"type":"Polygon","coordinates":[[[-87.14941101818621,20.661734759990335],[-87.14941101818621,20.67072796362758],[-87.14041781454897,20.67072796362758],[-87.14041781454897,20.661734759990335],[-87.14941101818621,20.661734759990335]]]}},{"type":"Feature","properties":{"jobs":0,"pop":1581,"pointCount":1,"homeWorkCommuteMedian":8700,"workHomeCommuteMedian":-1},"geometry":{"type":"Polygon","coordinates":[[[-87.14041781454897,20.661734759990335],[-87.14041781454897,20.67072796362758],[-87.13142461091172,20.67072796362758],[-87.13142461091172,20.661734759990335],[-87.14041781454897,20.661734759990335]]]}},{"type":"Feature","properties":{"jobs":527,"pop":1921,"pointCount":3,"homeWorkCommuteMedian":9743,"workHomeCommuteMedian":8077},"geometry":{"type":"Polygon","coordinates":[[[-87.14041781454897,20.67072796362758],[-87.14041781454897,20.679721167264827],[-87.13142461091172,20.679721167264827],[-87.13142461091172,20.67072796362758],[-87.14041781454897,20.67072796362758]]]}},{"type":"Feature","properties":{"jobs":3310,"pop":0,"pointCount":2,"homeWorkCommuteMedian":-1,"workHomeCommuteMedian":13336},"geometry":{"type":"Polygon","coordinates":[[[-87.13142461091172,20.589789130892367],[-87.13142461091172,20.598782334529613],[-87.12243140727448,20.598782334529613],[-87.12243140727448,20.589789130892367],[-87.13142461091172,20.589789130892367]]]}},{"type":"Feature","properties":{"jobs":1195,"pop":8901,"pointCount":7,"homeWorkCommuteMedian":8853,"workHomeCommuteMedian":7432},"geometry":{"type":"Polygon","coordinates":[[[-87.13142461091172,20.661734759990335],[-87.13142461091172,20.67072796362758],[-87.12243140727448,20.67072796362758],[-87.12243140727448,20.661734759990335],[-87.13142461091172,20.661734759990335]]]}},{"type":"Feature","properties":{"jobs":1358,"pop":13798,"pointCount":12,"homeWorkCommuteMedian":10043,"workHomeCommuteMedian":8412},"geometry":{"type":"Polygon","coordinates":[[[-87.13142461091172,20.67072796362758],[-87.13142461091172,20.679721167264827],[-87.12243140727448,20.679721167264827],[-87.12243140727448,20.67072796362758],[-87.13142461091172,20.67072796362758]]]}},{"type":"Feature","properties":{"jobs":331,"pop":0,"pointCount":1,"homeWorkCommuteMedian":-1,"workHomeCommuteMedian":11860},"geometry":{"type":"Polygon","coordinates":[[[-87.13142461091172,20.688714370902073],[-87.13142461091172,20.69770757453932],[-87.12243140727448,20.69770757453932],[-87.12243140727448,20.688714370902073],[-87.13142461091172,20.688714370902073]]]}},{"type":"Feature","properties":{"jobs":1693,"pop":0,"pointCount":1,"homeWorkCommuteMedian":-1,"workHomeCommuteMedian":11613},"geometry":{"type":"Polygon","coordinates":[[[-87.12243140727448,20.589789130892367],[-87.12243140727448,20.598782334529613],[-87.11343820363723,20.598782334529613],[-87.11343820363723,20.589789130892367],[-87.12243140727448,20.589789130892367]]]}},{"type":"Feature","properties":{"jobs":0,"pop":53,"pointCount":1,"homeWorkCommuteMedian":3303,"workHomeCommuteMedian":-1},"geometry":{"type":"Polygon","coordinates":[[[-87.12243140727448,20.60777553816686],[-87.12243140727448,20.616768741804105],[-87.11343820363723,20.616768741804105],[-87.11343820363723,20.60777553816686],[-87.12243140727448,20.60777553816686]]]}},{"type":"Feature","properties":{"jobs":21,"pop":703,"pointCount":2,"homeWorkCommuteMedian":8940,"workHomeCommuteMedian":81637},"geometry":{"type":"Polygon","coordinates":[[[-87.12243140727448,20.62576194544135],[-87.12243140727448,20.634755149078597],[-87.11343820363723,20.634755149078597],[-87.11343820363723,20.62576194544135],[-87.12243140727448,20.62576194544135]]]}},{"type":"Feature","properties":{"jobs":155,"pop":378,"pointCount":3,"homeWorkCommuteMedian":10530,"workHomeCommuteMedian":4109},"geometry":{"type":"Polygon","coordinates":[[[-87.12243140727448,20.643748352715843],[-87.12243140727448,20.65274155635309],[-87.11343820363723,20.65274155635309],[-87.11343820363723,20.643748352715843],[-87.12243140727448,20.643748352715843]]]}},{"type":"Feature","properties":{"jobs":0,"pop":1108,"pointCount":2,"homeWorkCommuteMedian":8001,"workHomeCommuteMedian":-1},"geometry":{"type":"Polygon","coordinates":[[[-87.12243140727448,20.65274155635309],[-87.12243140727448,20.661734759990335],[-87.11343820363723,20.661734759990335],[-87.11343820363723,20.65274155635309],[-87.12243140727448,20.65274155635309]]]}},{"type":"Feature","properties":{"jobs":1785,"pop":7512,"pointCount":8,"homeWorkCommuteMedian":8773,"workHomeCommuteMedian":3416},"geometry":{"type":"Polygon","coordinates":[[[-87.12243140727448,20.661734759990335],[-87.12243140727448,20.67072796362758],[-87.11343820363723,20.67072796362758],[-87.11343820363723,20.661734759990335],[-87.12243140727448,20.661734759990335]]]}},{"type":"Feature","properties":{"jobs":3321,"pop":10047,"pointCount":8,"homeWorkCommuteMedian":8516,"workHomeCommuteMedian":3267},"geometry":{"type":"Polygon","coordinates":[[[-87.12243140727448,20.67072796362758],[-87.12243140727448,20.679721167264827],[-87.11343820363723,20.679721167264827],[-87.11343820363723,20.67072796362758],[-87.12243140727448,20.67072796362758]]]}},{"type":"Feature","properties":{"jobs":0,"pop":301,"pointCount":1,"homeWorkCommuteMedian":7930,"workHomeCommuteMedian":-1},"geometry":{"type":"Polygon","coordinates":[[[-87.12243140727448,20.679721167264827],[-87.12243140727448,20.688714370902073],[-87.11343820363723,20.688714370902073],[-87.11343820363723,20.679721167264827],[-87.12243140727448,20.679721167264827]]]}},{"type":"Feature","properties":{"jobs":0,"pop":543,"pointCount":1,"homeWorkCommuteMedian":33910,"workHomeCommuteMedian":-1},"geometry":{"type":"Polygon","coordinates":[[[-87.11343820363723,20.616768741804105],[-87.11343820363723,20.62576194544135],[-87.10444499999998,20.62576194544135],[-87.10444499999998,20.616768741804105],[-87.11343820363723,20.616768741804105]]]}},{"type":"Feature","properties":{"jobs":0,"pop":596,"pointCount":2,"homeWorkCommuteMedian":6089,"workHomeCommuteMedian":-1},"geometry":{"type":"Polygon","coordinates":[[[-87.11343820363723,20.62576194544135],[-87.11343820363723,20.634755149078597],[-87.10444499999998,20.634755149078597],[-87.10444499999998,20.62576194544135],[-87.11343820363723,20.62576194544135]]]}},{"type":"Feature","properties":{"jobs":198,"pop":124,"pointCount":1,"homeWorkCommuteMedian":4312,"workHomeCommuteMedian":4942},"geometry":{"type":"Polygon","coordinates":[[[-87.11343820363723,20.634755149078597],[-87.11343820363723,20.643748352715843],[-87.10444499999998,20.643748352715843],[-87.10444499999998,20.634755149078597],[-87.11343820363723,20.634755149078597]]]}},{"type":"Feature","properties":{"jobs":149,"pop":2789,"pointCount":4,"homeWorkCommuteMedian":6023,"workHomeCommuteMedian":5768},"geometry":{"type":"Polygon","coordinates":[[[-87.11343820363723,20.643748352715843],[-87.11343820363723,20.65274155635309],[-87.10444499999998,20.65274155635309],[-87.10444499999998,20.643748352715843],[-87.11343820363723,20.643748352715843]]]}},{"type":"Feature","properties":{"jobs":581,"pop":7187,"pointCount":8,"homeWorkCommuteMedian":6871,"workHomeCommuteMedian":3455},"geometry":{"type":"Polygon","coordinates":[[[-87.11343820363723,20.65274155635309],[-87.11343820363723,20.661734759990335],[-87.10444499999998,20.661734759990335],[-87.10444499999998,20.65274155635309],[-87.11343820363723,20.65274155635309]]]}},{"type":"Feature","properties":{"jobs":423,"pop":7283,"pointCount":6,"homeWorkCommuteMedian":7444,"workHomeCommuteMedian":8748},"geometry":{"type":"Polygon","coordinates":[[[-87.11343820363723,20.661734759990335],[-87.11343820363723,20.67072796362758],[-87.10444499999998,20.67072796362758],[-87.10444499999998,20.661734759990335],[-87.11343820363723,20.661734759990335]]]}},{"type":"Feature","properties":{"jobs":0,"pop":69,"pointCount":1,"homeWorkCommuteMedian":26972,"workHomeCommuteMedian":-1},"geometry":{"type":"Polygon","coordinates":[[[-87.11343820363723,20.67072796362758],[-87.11343820363723,20.679721167264827],[-87.10444499999998,20.679721167264827],[-87.10444499999998,20.67072796362758],[-87.11343820363723,20.67072796362758]]]}},{"type":"Feature","properties":{"jobs":233,"pop":0,"pointCount":1,"homeWorkCommuteMedian":-1,"workHomeCommuteMedian":16007},"geometry":{"type":"Polygon","coordinates":[[[-87.11343820363723,20.724687185451057],[-87.11343820363723,20.733680389088303],[-87.10444499999998,20.733680389088303],[-87.10444499999998,20.724687185451057],[-87.11343820363723,20.724687185451057]]]}},{"type":"Feature","properties":{"jobs":1604,"pop":0,"pointCount":1,"homeWorkCommuteMedian":-1,"workHomeCommuteMedian":12452},"geometry":{"type":"Polygon","coordinates":[[[-87.10444499999998,20.598782334529613],[-87.10444499999998,20.60777553816686],[-87.09545179636274,20.60777553816686],[-87.09545179636274,20.598782334529613],[-87.10444499999998,20.598782334529613]]]}},{"type":"Feature","properties":{"jobs":1289,"pop":365,"pointCount":2,"homeWorkCommuteMedian":5448,"workHomeCommuteMedian":9806},"geometry":{"type":"Polygon","coordinates":[[[-87.10444499999998,20.60777553816686],[-87.10444499999998,20.616768741804105],[-87.09545179636274,20.616768741804105],[-87.09545179636274,20.60777553816686],[-87.10444499999998,20.60777553816686]]]}},{"type":"Feature","properties":{"jobs":1834,"pop":302,"pointCount":2,"homeWorkCommuteMedian":10413,"workHomeCommuteMedian":8051},"geometry":{"type":"Polygon","coordinates":[[[-87.10444499999998,20.616768741804105],[-87.10444499999998,20.62576194544135],[-87.09545179636274,20.62576194544135],[-87.09545179636274,20.616768741804105],[-87.10444499999998,20.616768741804105]]]}},{"type":"Feature","properties":{"jobs":2230,"pop":3077,"pointCount":9,"homeWorkCommuteMedian":4933,"workHomeCommuteMedian":5987},"geometry":{"type":"Polygon","coordinates":[[[-87.10444499999998,20.62576194544135],[-87.10444499999998,20.634755149078597],[-87.09545179636274,20.634755149078597],[-87.09545179636274,20.62576194544135],[-87.10444499999998,20.62576194544135]]]}},{"type":"Feature","properties":{"jobs":788,"pop":1963,"pointCount":5,"homeWorkCommuteMedian":3706,"workHomeCommuteMedian":5407},"geometry":{"type":"Polygon","coordinates":[[[-87.10444499999998,20.634755149078597],[-87.10444499999998,20.643748352715843],[-87.09545179636274,20.643748352715843],[-87.09545179636274,20.634755149078597],[-87.10444499999998,20.634755149078597]]]}},{"type":"Feature","properties":{"jobs":483,"pop":3532,"pointCount":5,"homeWorkCommuteMedian":5046,"workHomeCommuteMedian":4247},"geometry":{"type":"Polygon","coordinates":[[[-87.10444499999998,20.643748352715843],[-87.10444499999998,20.65274155635309],[-87.09545179636274,20.65274155635309],[-87.09545179636274,20.643748352715843],[-87.10444499999998,20.643748352715843]]]}},{"type":"Feature","properties":{"jobs":1050,"pop":2986,"pointCount":5,"homeWorkCommuteMedian":6792,"workHomeCommuteMedian":4857},"geometry":{"type":"Polygon","coordinates":[[[-87.10444499999998,20.65274155635309],[-87.10444499999998,20.661734759990335],[-87.09545179636274,20.661734759990335],[-87.09545179636274,20.65274155635309],[-87.10444499999998,20.65274155635309]]]}},{"type":"Feature","properties":{"jobs":215,"pop":401,"pointCount":2,"homeWorkCommuteMedian":9278,"workHomeCommuteMedian":29037},"geometry":{"type":"Polygon","coordinates":[[[-87.10444499999998,20.661734759990335],[-87.10444499999998,20.67072796362758],[-87.09545179636274,20.67072796362758],[-87.09545179636274,20.661734759990335],[-87.10444499999998,20.661734759990335]]]}},{"type":"Feature","properties":{"jobs":0,"pop":28,"pointCount":1,"homeWorkCommuteMedian":6001,"workHomeCommuteMedian":-1},"geometry":{"type":"Polygon","coordinates":[[[-87.10444499999998,20.67072796362758],[-87.10444499999998,20.679721167264827],[-87.09545179636274,20.679721167264827],[-87.09545179636274,20.67072796362758],[-87.10444499999998,20.67072796362758]]]}},{"type":"Feature","properties":{"jobs":282,"pop":0,"pointCount":1,"homeWorkCommuteMedian":-1,"workHomeCommuteMedian":10774},"geometry":{"type":"Polygon","coordinates":[[[-87.10444499999998,20.724687185451057],[-87.10444499999998,20.733680389088303],[-87.09545179636274,20.733680389088303],[-87.09545179636274,20.724687185451057],[-87.10444499999998,20.724687185451057]]]}},{"type":"Feature","properties":{"jobs":5321,"pop":0,"pointCount":1,"homeWorkCommuteMedian":-1,"workHomeCommuteMedian":10656},"geometry":{"type":"Polygon","coordinates":[[[-87.09545179636274,20.598782334529613],[-87.09545179636274,20.60777553816686],[-87.08645859272549,20.60777553816686],[-87.08645859272549,20.598782334529613],[-87.09545179636274,20.598782334529613]]]}},{"type":"Feature","properties":{"jobs":7852,"pop":325,"pointCount":5,"homeWorkCommuteMedian":4849,"workHomeCommuteMedian":9278},"geometry":{"type":"Polygon","coordinates":[[[-87.09545179636274,20.60777553816686],[-87.09545179636274,20.616768741804105],[-87.08645859272549,20.616768741804105],[-87.08645859272549,20.60777553816686],[-87.09545179636274,20.60777553816686]]]}},{"type":"Feature","properties":{"jobs":3495,"pop":1122,"pointCount":8,"homeWorkCommuteMedian":7894,"workHomeCommuteMedian":7708},"geometry":{"type":"Polygon","coordinates":[[[-87.09545179636274,20.616768741804105],[-87.09545179636274,20.62576194544135],[-87.08645859272549,20.62576194544135],[-87.08645859272549,20.616768741804105],[-87.09545179636274,20.616768741804105]]]}},{"type":"Feature","properties":{"jobs":1680,"pop":3643,"pointCount":8,"homeWorkCommuteMedian":8280,"workHomeCommuteMedian":6001},"geometry":{"type":"Polygon","coordinates":[[[-87.09545179636274,20.62576194544135],[-87.09545179636274,20.634755149078597],[-87.08645859272549,20.634755149078597],[-87.08645859272549,20.62576194544135],[-87.09545179636274,20.62576194544135]]]}},{"type":"Feature","properties":{"jobs":3921,"pop":4391,"pointCount":11,"homeWorkCommuteMedian":4595,"workHomeCommuteMedian":4612},"geometry":{"type":"Polygon","coordinates":[[[-87.09545179636274,20.634755149078597],[-87.09545179636274,20.643748352715843],[-87.08645859272549,20.643748352715843],[-87.08645859272549,20.634755149078597],[-87.09545179636274,20.634755149078597]]]}},{"type":"Feature","properties":{"jobs":1449,"pop":1018,"pointCount":5,"homeWorkCommuteMedian":4373,"workHomeCommuteMedian":3540},"geometry":{"type":"Polygon","coordinates":[[[-87.09545179636274,20.643748352715843],[-87.09545179636274,20.65274155635309],[-87.08645859272549,20.65274155635309],[-87.08645859272549,20.643748352715843],[-87.09545179636274,20.643748352715843]]]}},{"type":"Feature","properties":{"jobs":114,"pop":1205,"pointCount":1,"homeWorkCommuteMedian":4890,"workHomeCommuteMedian":1467},"geometry":{"type":"Polygon","coordinates":[[[-87.09545179636274,20.65274155635309],[-87.09545179636274,20.661734759990335],[-87.08645859272549,20.661734759990335],[-87.08645859272549,20.65274155635309],[-87.09545179636274,20.65274155635309]]]}},{"type":"Feature","properties":{"jobs":0,"pop":2508,"pointCount":3,"homeWorkCommuteMedian":9639,"workHomeCommuteMedian":-1},"geometry":{"type":"Polygon","coordinates":[[[-87.09545179636274,20.661734759990335],[-87.09545179636274,20.67072796362758],[-87.08645859272549,20.67072796362758],[-87.08645859272549,20.661734759990335],[-87.09545179636274,20.661734759990335]]]}},{"type":"Feature","properties":{"jobs":0,"pop":97,"pointCount":1,"homeWorkCommuteMedian":6414,"workHomeCommuteMedian":-1},"geometry":{"type":"Polygon","coordinates":[[[-87.09545179636274,20.67072796362758],[-87.09545179636274,20.679721167264827],[-87.08645859272549,20.679721167264827],[-87.08645859272549,20.67072796362758],[-87.09545179636274,20.67072796362758]]]}},{"type":"Feature","properties":{"jobs":388,"pop":0,"pointCount":1,"homeWorkCommuteMedian":-1,"workHomeCommuteMedian":16121},"geometry":{"type":"Polygon","coordinates":[[[-87.09545179636274,20.733680389088303],[-87.09545179636274,20.74267359272555],[-87.08645859272549,20.74267359272555],[-87.08645859272549,20.733680389088303],[-87.09545179636274,20.733680389088303]]]}},{"type":"Feature","properties":{"jobs":196,"pop":0,"pointCount":1,"homeWorkCommuteMedian":-1,"workHomeCommuteMedian":13276},"geometry":{"type":"Polygon","coordinates":[[[-87.09545179636274,20.74267359272555],[-87.09545179636274,20.751666796362795],[-87.08645859272549,20.751666796362795],[-87.08645859272549,20.74267359272555],[-87.09545179636274,20.74267359272555]]]}},{"type":"Feature","properties":{"jobs":20,"pop":0,"pointCount":1,"homeWorkCommuteMedian":-1,"workHomeCommuteMedian":21102},"geometry":{"type":"Polygon","coordinates":[[[-87.09545179636274,21.102401738215388],[-87.09545179636274,21.111394941852634],[-87.08645859272549,21.111394941852634],[-87.08645859272549,21.102401738215388],[-87.09545179636274,21.102401738215388]]]}},{"type":"Feature","properties":{"jobs":215,"pop":104,"pointCount":3,"homeWorkCommuteMedian":7888,"workHomeCommuteMedian":6857},"geometry":{"type":"Polygon","coordinates":[[[-87.08645859272549,20.60777553816686],[-87.08645859272549,20.616768741804105],[-87.07746538908825,20.616768741804105],[-87.07746538908825,20.60777553816686],[-87.08645859272549,20.60777553816686]]]}},{"type":"Feature","properties":{"jobs":6292,"pop":875,"pointCount":7,"homeWorkCommuteMedian":3676,"workHomeCommuteMedian":8300},"geometry":{"type":"Polygon","coordinates":[[[-87.08645859272549,20.616768741804105],[-87.08645859272549,20.62576194544135],[-87.07746538908825,20.62576194544135],[-87.07746538908825,20.616768741804105],[-87.08645859272549,20.616768741804105]]]}},{"type":"Feature","properties":{"jobs":6368,"pop":2343,"pointCount":9,"homeWorkCommuteMedian":4950,"workHomeCommuteMedian":7366},"geometry":{"type":"Polygon","coordinates":[[[-87.08645859272549,20.62576194544135],[-87.08645859272549,20.634755149078597],[-87.07746538908825,20.634755149078597],[-87.07746538908825,20.62576194544135],[-87.08645859272549,20.62576194544135]]]}},{"type":"Feature","properties":{"jobs":1464,"pop":2857,"pointCount":7,"homeWorkCommuteMedian":3617,"workHomeCommuteMedian":6335},"geometry":{"type":"Polygon","coordinates":[[[-87.08645859272549,20.634755149078597],[-87.08645859272549,20.643748352715843],[-87.07746538908825,20.643748352715843],[-87.07746538908825,20.634755149078597],[-87.08645859272549,20.634755149078597]]]}},{"type":"Feature","properties":{"jobs":4983,"pop":74,"pointCount":4,"homeWorkCommuteMedian":2004,"workHomeCommuteMedian":3733},"geometry":{"type":"Polygon","coordinates":[[[-87.08645859272549,20.643748352715843],[-87.08645859272549,20.65274155635309],[-87.07746538908825,20.65274155635309],[-87.07746538908825,20.643748352715843],[-87.08645859272549,20.643748352715843]]]}},{"type":"Feature","properties":{"jobs":1524,"pop":3199,"pointCount":6,"homeWorkCommuteMedian":5379,"workHomeCommuteMedian":3294},"geometry":{"type":"Polygon","coordinates":[[[-87.08645859272549,20.65274155635309],[-87.08645859272549,20.661734759990335],[-87.07746538908825,20.661734759990335],[-87.07746538908825,20.65274155635309],[-87.08645859272549,20.65274155635309]]]}},{"type":"Feature","properties":{"jobs":912,"pop":4441,"pointCount":5,"homeWorkCommuteMedian":6674,"workHomeCommuteMedian":5768},"geometry":{"type":"Polygon","coordinates":[[[-87.08645859272549,20.661734759990335],[-87.08645859272549,20.67072796362758],[-87.07746538908825,20.67072796362758],[-87.07746538908825,20.661734759990335],[-87.08645859272549,20.661734759990335]]]}},{"type":"Feature","properties":{"jobs":294,"pop":358,"pointCount":1,"homeWorkCommuteMedian":6067,"workHomeCommuteMedian":30906},"geometry":{"type":"Polygon","coordinates":[[[-87.08645859272549,20.67072796362758],[-87.08645859272549,20.679721167264827],[-87.07746538908825,20.679721167264827],[-87.07746538908825,20.67072796362758],[-87.08645859272549,20.67072796362758]]]}},{"type":"Feature","properties":{"jobs":0,"pop":128,"pointCount":2,"homeWorkCommuteMedian":12312,"workHomeCommuteMedian":-1},"geometry":{"type":"Polygon","coordinates":[[[-87.08645859272549,20.69770757453932],[-87.08645859272549,20.706700778176565],[-87.07746538908825,20.706700778176565],[-87.07746538908825,20.69770757453932],[-87.08645859272549,20.69770757453932]]]}},{"type":"Feature","properties":{"jobs":41,"pop":0,"pointCount":1,"homeWorkCommuteMedian":-1,"workHomeCommuteMedian":64807},"geometry":{"type":"Polygon","coordinates":[[[-87.08645859272549,20.733680389088303],[-87.08645859272549,20.74267359272555],[-87.07746538908825,20.74267359272555],[-87.07746538908825,20.733680389088303],[-87.08645859272549,20.733680389088303]]]}},{"type":"Feature","properties":{"jobs":6958,"pop":67,"pointCount":3,"homeWorkCommuteMedian":46274,"workHomeCommuteMedian":6598},"geometry":{"type":"Polygon","coordinates":[[[-87.07746538908825,20.616768741804105],[-87.07746538908825,20.62576194544135],[-87.068472185451,20.62576194544135],[-87.068472185451,20.616768741804105],[-87.07746538908825,20.616768741804105]]]}},{"type":"Feature","properties":{"jobs":13644,"pop":877,"pointCount":12,"homeWorkCommuteMedian":3156,"workHomeCommuteMedian":5430},"geometry":{"type":"Polygon","coordinates":[[[-87.07746538908825,20.62576194544135],[-87.07746538908825,20.634755149078597],[-87.068472185451,20.634755149078597],[-87.068472185451,20.62576194544135],[-87.07746538908825,20.62576194544135]]]}},{"type":"Feature","properties":{"jobs":6740,"pop":3401,"pointCount":10,"homeWorkCommuteMedian":9058,"workHomeCommuteMedian":5108},"geometry":{"type":"Polygon","coordinates":[[[-87.07746538908825,20.634755149078597],[-87.07746538908825,20.643748352715843],[-87.068472185451,20.643748352715843],[-87.068472185451,20.634755149078597],[-87.07746538908825,20.634755149078597]]]}},{"type":"Feature","properties":{"jobs":1096,"pop":1590,"pointCount":6,"homeWorkCommuteMedian":5540,"workHomeCommuteMedian":6086},"geometry":{"type":"Polygon","coordinates":[[[-87.07746538908825,20.643748352715843],[-87.07746538908825,20.65274155635309],[-87.068472185451,20.65274155635309],[-87.068472185451,20.643748352715843],[-87.07746538908825,20.643748352715843]]]}},{"type":"Feature","properties":{"jobs":2899,"pop":9369,"pointCount":11,"homeWorkCommuteMedian":5389,"workHomeCommuteMedian":4784},"geometry":{"type":"Polygon","coordinates":[[[-87.07746538908825,20.65274155635309],[-87.07746538908825,20.661734759990335],[-87.068472185451,20.661734759990335],[-87.068472185451,20.65274155635309],[-87.07746538908825,20.65274155635309]]]}},{"type":"Feature","properties":{"jobs":1757,"pop":7618,"pointCount":8,"homeWorkCommuteMedian":5987,"workHomeCommuteMedian":5086},"geometry":{"type":"Polygon","coordinates":[[[-87.07746538908825,20.661734759990335],[-87.07746538908825,20.67072796362758],[-87.068472185451,20.67072796362758],[-87.068472185451,20.661734759990335],[-87.07746538908825,20.661734759990335]]]}},{"type":"Feature","properties":{"jobs":0,"pop":1273,"pointCount":1,"homeWorkCommuteMedian":15056,"workHomeCommuteMedian":-1},"geometry":{"type":"Polygon","coordinates":[[[-87.07746538908825,20.67072796362758],[-87.07746538908825,20.679721167264827],[-87.068472185451,20.679721167264827],[-87.068472185451,20.67072796362758],[-87.07746538908825,20.67072796362758]]]}},{"type":"Feature","properties":{"jobs":154,"pop":0,"pointCount":1,"homeWorkCommuteMedian":-1,"workHomeCommuteMedian":8773},"geometry":{"type":"Polygon","coordinates":[[[-87.07746538908825,20.679721167264827],[-87.07746538908825,20.688714370902073],[-87.068472185451,20.688714370902073],[-87.068472185451,20.679721167264827],[-87.07746538908825,20.679721167264827]]]}},{"type":"Feature","properties":{"jobs":628,"pop":538,"pointCount":3,"homeWorkCommuteMedian":14591,"workHomeCommuteMedian":9725},"geometry":{"type":"Polygon","coordinates":[[[-87.07746538908825,20.69770757453932],[-87.07746538908825,20.706700778176565],[-87.068472185451,20.706700778176565],[-87.068472185451,20.69770757453932],[-87.07746538908825,20.69770757453932]]]}},{"type":"Feature","properties":{"jobs":414,"pop":646,"pointCount":4,"homeWorkCommuteMedian":15808,"workHomeCommuteMedian":14733},"geometry":{"type":"Polygon","coordinates":[[[-87.07746538908825,20.706700778176565],[-87.07746538908825,20.71569398181381],[-87.068472185451,20.71569398181381],[-87.068472185451,20.706700778176565],[-87.07746538908825,20.706700778176565]]]}},{"type":"Feature","properties":{"jobs":384,"pop":0,"pointCount":1,"homeWorkCommuteMedian":-1,"workHomeCommuteMedian":54546},"geometry":{"type":"Polygon","coordinates":[[[-87.07746538908825,20.868578443646992],[-87.07746538908825,20.87757164728424],[-87.068472185451,20.87757164728424],[-87.068472185451,20.868578443646992],[-87.07746538908825,20.868578443646992]]]}},{"type":"Feature","properties":{"jobs":3826,"pop":196,"pointCount":3,"homeWorkCommuteMedian":4753,"workHomeCommuteMedian":5748},"geometry":{"type":"Polygon","coordinates":[[[-87.068472185451,20.62576194544135],[-87.068472185451,20.634755149078597],[-87.05947898181375,20.634755149078597],[-87.05947898181375,20.62576194544135],[-87.068472185451,20.62576194544135]]]}},{"type":"Feature","properties":{"jobs":3963,"pop":5018,"pointCount":9,"homeWorkCommuteMedian":5857,"workHomeCommuteMedian":6023},"geometry":{"type":"Polygon","coordinates":[[[-87.068472185451,20.634755149078597],[-87.068472185451,20.643748352715843],[-87.05947898181375,20.643748352715843],[-87.05947898181375,20.634755149078597],[-87.068472185451,20.634755149078597]]]}},{"type":"Feature","properties":{"jobs":2778,"pop":8481,"pointCount":10,"homeWorkCommuteMedian":5639,"workHomeCommuteMedian":2613},"geometry":{"type":"Polygon","coordinates":[[[-87.068472185451,20.643748352715843],[-87.068472185451,20.65274155635309],[-87.05947898181375,20.65274155635309],[-87.05947898181375,20.643748352715843],[-87.068472185451,20.643748352715843]]]}},{"type":"Feature","properties":{"jobs":2340,"pop":3850,"pointCount":7,"homeWorkCommuteMedian":8009,"workHomeCommuteMedian":7444},"geometry":{"type":"Polygon","coordinates":[[[-87.068472185451,20.65274155635309],[-87.068472185451,20.661734759990335],[-87.05947898181375,20.661734759990335],[-87.05947898181375,20.65274155635309],[-87.068472185451,20.65274155635309]]]}},{"type":"Feature","properties":{"jobs":6568,"pop":2881,"pointCount":8,"homeWorkCommuteMedian":5847,"workHomeCommuteMedian":7524},"geometry":{"type":"Polygon","coordinates":[[[-87.068472185451,20.661734759990335],[-87.068472185451,20.67072796362758],[-87.05947898181375,20.67072796362758],[-87.05947898181375,20.661734759990335],[-87.068472185451,20.661734759990335]]]}},{"type":"Feature","properties":{"jobs":0,"pop":118,"pointCount":2,"homeWorkCommuteMedian":40812,"workHomeCommuteMedian":-1},"geometry":{"type":"Polygon","coordinates":[[[-87.068472185451,20.67072796362758],[-87.068472185451,20.679721167264827],[-87.05947898181375,20.679721167264827],[-87.05947898181375,20.67072796362758],[-87.068472185451,20.67072796362758]]]}},{"type":"Feature","properties":{"jobs":2913,"pop":111,"pointCount":5,"homeWorkCommuteMedian":38761,"workHomeCommuteMedian":7537},"geometry":{"type":"Polygon","coordinates":[[[-87.068472185451,20.679721167264827],[-87.068472185451,20.688714370902073],[-87.05947898181375,20.688714370902073],[-87.05947898181375,20.679721167264827],[-87.068472185451,20.679721167264827]]]}},{"type":"Feature","properties":{"jobs":211,"pop":0,"pointCount":1,"homeWorkCommuteMedian":-1,"workHomeCommuteMedian":21323},"geometry":{"type":"Polygon","coordinates":[[[-87.068472185451,21.048442516391912],[-87.068472185451,21.057435720029158],[-87.05947898181375,21.057435720029158],[-87.05947898181375,21.048442516391912],[-87.068472185451,21.048442516391912]]]}},{"type":"Feature","properties":{"jobs":1133,"pop":1825,"pointCount":4,"homeWorkCommuteMedian":10399,"workHomeCommuteMedian":5420},"geometry":{"type":"Polygon","coordinates":[[[-87.05947898181375,20.643748352715843],[-87.05947898181375,20.65274155635309],[-87.05048577817651,20.65274155635309],[-87.05048577817651,20.643748352715843],[-87.05947898181375,20.643748352715843]]]}},{"type":"Feature","properties":{"jobs":1331,"pop":1327,"pointCount":4,"homeWorkCommuteMedian":11054,"workHomeCommuteMedian":7444},"geometry":{"type":"Polygon","coordinates":[[[-87.05947898181375,20.65274155635309],[-87.05947898181375,20.661734759990335],[-87.05048577817651,20.661734759990335],[-87.05048577817651,20.65274155635309],[-87.05947898181375,20.65274155635309]]]}},{"type":"Feature","properties":{"jobs":657,"pop":1487,"pointCount":3,"homeWorkCommuteMedian":9206,"workHomeCommuteMedian":2607},"geometry":{"type":"Polygon","coordinates":[[[-87.05947898181375,20.661734759990335],[-87.05947898181375,20.67072796362758],[-87.05048577817651,20.67072796362758],[-87.05048577817651,20.661734759990335],[-87.05947898181375,20.661734759990335]]]}},{"type":"Feature","properties":{"jobs":645,"pop":0,"pointCount":2,"homeWorkCommuteMedian":-1,"workHomeCommuteMedian":6460},"geometry":{"type":"Polygon","coordinates":[[[-87.05947898181375,20.67072796362758],[-87.05947898181375,20.679721167264827],[-87.05048577817651,20.679721167264827],[-87.05048577817651,20.67072796362758],[-87.05947898181375,20.67072796362758]]]}},{"type":"Feature","properties":{"jobs":699,"pop":8523,"pointCount":8,"homeWorkCommuteMedian":8154,"workHomeCommuteMedian":5092},"geometry":{"type":"Polygon","coordinates":[[[-87.05947898181375,20.679721167264827],[-87.05947898181375,20.688714370902073],[-87.05048577817651,20.688714370902073],[-87.05048577817651,20.679721167264827],[-87.05947898181375,20.679721167264827]]]}},{"type":"Feature","properties":{"jobs":0,"pop":1088,"pointCount":3,"homeWorkCommuteMedian":8302,"workHomeCommuteMedian":-1},"geometry":{"type":"Polygon","coordinates":[[[-87.05947898181375,20.688714370902073],[-87.05947898181375,20.69770757453932],[-87.05048577817651,20.69770757453932],[-87.05048577817651,20.688714370902073],[-87.05947898181375,20.688714370902073]]]}},{"type":"Feature","properties":{"jobs":1481,"pop":999,"pointCount":2,"homeWorkCommuteMedian":3164,"workHomeCommuteMedian":6725},"geometry":{"type":"Polygon","coordinates":[[[-87.05048577817651,20.65274155635309],[-87.05048577817651,20.661734759990335],[-87.04149257453926,20.661734759990335],[-87.04149257453926,20.65274155635309],[-87.05048577817651,20.65274155635309]]]}},{"type":"Feature","properties":{"jobs":772,"pop":0,"pointCount":1,"homeWorkCommuteMedian":-1,"workHomeCommuteMedian":5504},"geometry":{"type":"Polygon","coordinates":[[[-87.05048577817651,20.661734759990335],[-87.05048577817651,20.67072796362758],[-87.04149257453926,20.67072796362758],[-87.04149257453926,20.661734759990335],[-87.05048577817651,20.661734759990335]]]}},{"type":"Feature","properties":{"jobs":1050,"pop":2162,"pointCount":6,"homeWorkCommuteMedian":7217,"workHomeCommuteMedian":8376},"geometry":{"type":"Polygon","coordinates":[[[-87.05048577817651,20.67072796362758],[-87.05048577817651,20.679721167264827],[-87.04149257453926,20.679721167264827],[-87.04149257453926,20.67072796362758],[-87.05048577817651,20.67072796362758]]]}},{"type":"Feature","properties":{"jobs":52,"pop":1207,"pointCount":2,"homeWorkCommuteMedian":8934,"workHomeCommuteMedian":12936},"geometry":{"type":"Polygon","coordinates":[[[-87.05048577817651,20.679721167264827],[-87.05048577817651,20.688714370902073],[-87.04149257453926,20.688714370902073],[-87.04149257453926,20.679721167264827],[-87.05048577817651,20.679721167264827]]]}},{"type":"Feature","properties":{"jobs":43,"pop":0,"pointCount":1,"homeWorkCommuteMedian":-1,"workHomeCommuteMedian":19564},"geometry":{"type":"Polygon","coordinates":[[[-87.05048577817651,21.066428923666404],[-87.05048577817651,21.07542212730365],[-87.04149257453926,21.07542212730365],[-87.04149257453926,21.066428923666404],[-87.05048577817651,21.066428923666404]]]}},{"type":"Feature","properties":{"jobs":917,"pop":0,"pointCount":1,"homeWorkCommuteMedian":-1,"workHomeCommuteMedian":9090},"geometry":{"type":"Polygon","coordinates":[[[-87.04149257453926,20.65274155635309],[-87.04149257453926,20.661734759990335],[-87.03249937090202,20.661734759990335],[-87.03249937090202,20.65274155635309],[-87.04149257453926,20.65274155635309]]]}},{"type":"Feature","properties":{"jobs":486,"pop":0,"pointCount":2,"homeWorkCommuteMedian":-1,"workHomeCommuteMedian":10104},"geometry":{"type":"Polygon","coordinates":[[[-87.04149257453926,20.661734759990335],[-87.04149257453926,20.67072796362758],[-87.03249937090202,20.67072796362758],[-87.03249937090202,20.661734759990335],[-87.04149257453926,20.661734759990335]]]}},{"type":"Feature","properties":{"jobs":1355,"pop":0,"pointCount":1,"homeWorkCommuteMedian":-1,"workHomeCommuteMedian":5930},"geometry":{"type":"Polygon","coordinates":[[[-87.04149257453926,20.67072796362758],[-87.04149257453926,20.679721167264827],[-87.03249937090202,20.679721167264827],[-87.03249937090202,20.67072796362758],[-87.04149257453926,20.67072796362758]]]}},{"type":"Feature","properties":{"jobs":654,"pop":0,"pointCount":1,"homeWorkCommuteMedian":-1,"workHomeCommuteMedian":2610},"geometry":{"type":"Polygon","coordinates":[[[-87.04149257453926,20.679721167264827],[-87.04149257453926,20.688714370902073],[-87.03249937090202,20.688714370902073],[-87.03249937090202,20.679721167264827],[-87.04149257453926,20.679721167264827]]]}},{"type":"Feature","properties":{"jobs":3403,"pop":0,"pointCount":1,"homeWorkCommuteMedian":-1,"workHomeCommuteMedian":7140},"geometry":{"type":"Polygon","coordinates":[[[-87.04149257453926,20.688714370902073],[-87.04149257453926,20.69770757453932],[-87.03249937090202,20.69770757453932],[-87.03249937090202,20.688714370902073],[-87.04149257453926,20.688714370902073]]]}},{"type":"Feature","properties":{"jobs":1091,"pop":0,"pointCount":1,"homeWorkCommuteMedian":-1,"workHomeCommuteMedian":9639},"geometry":{"type":"Polygon","coordinates":[[[-87.03249937090202,20.688714370902073],[-87.03249937090202,20.69770757453932],[-87.02350616726477,20.69770757453932],[-87.02350616726477,20.688714370902073],[-87.03249937090202,20.688714370902073]]]}},{"type":"Feature","properties":{"jobs":1418,"pop":0,"pointCount":1,"homeWorkCommuteMedian":-1,"workHomeCommuteMedian":7981},"geometry":{"type":"Polygon","coordinates":[[[-87.03249937090202,20.69770757453932],[-87.03249937090202,20.706700778176565],[-87.02350616726477,20.706700778176565],[-87.02350616726477,20.69770757453932],[-87.03249937090202,20.69770757453932]]]}},{"type":"Feature","properties":{"jobs":332,"pop":0,"pointCount":1,"homeWorkCommuteMedian":-1,"workHomeCommuteMedian":19098},"geometry":{"type":"Polygon","coordinates":[[[-87.02350616726477,20.364959039961217],[-87.02350616726477,20.373952243598463],[-87.01451296362752,20.373952243598463],[-87.01451296362752,20.364959039961217],[-87.02350616726477,20.364959039961217]]]}},{"type":"Feature","properties":{"jobs":515,"pop":0,"pointCount":1,"homeWorkCommuteMedian":-1,"workHomeCommuteMedian":17737},"geometry":{"type":"Polygon","coordinates":[[[-87.02350616726477,20.373952243598463],[-87.02350616726477,20.38294544723571],[-87.01451296362752,20.38294544723571],[-87.01451296362752,20.373952243598463],[-87.02350616726477,20.373952243598463]]]}},{"type":"Feature","properties":{"jobs":55,"pop":0,"pointCount":1,"homeWorkCommuteMedian":-1,"workHomeCommuteMedian":46274},"geometry":{"type":"Polygon","coordinates":[[[-87.02350616726477,20.38294544723571],[-87.02350616726477,20.391938650872955],[-87.01451296362752,20.391938650872955],[-87.01451296362752,20.38294544723571],[-87.02350616726477,20.38294544723571]]]}},{"type":"Feature","properties":{"jobs":867,"pop":0,"pointCount":1,"homeWorkCommuteMedian":-1,"workHomeCommuteMedian":48315},"geometry":{"type":"Polygon","coordinates":[[[-87.02350616726477,20.391938650872955],[-87.02350616726477,20.4009318545102],[-87.01451296362752,20.4009318545102],[-87.01451296362752,20.391938650872955],[-87.02350616726477,20.391938650872955]]]}},{"type":"Feature","properties":{"jobs":994,"pop":0,"pointCount":3,"homeWorkCommuteMedian":-1,"workHomeCommuteMedian":14581},"geometry":{"type":"Polygon","coordinates":[[[-87.02350616726477,20.4009318545102],[-87.02350616726477,20.409925058147447],[-87.01451296362752,20.409925058147447],[-87.01451296362752,20.4009318545102],[-87.02350616726477,20.4009318545102]]]}},{"type":"Feature","properties":{"jobs":1162,"pop":0,"pointCount":1,"homeWorkCommuteMedian":-1,"workHomeCommuteMedian":13508},"geometry":{"type":"Polygon","coordinates":[[[-87.02350616726477,20.688714370902073],[-87.02350616726477,20.69770757453932],[-87.01451296362752,20.69770757453932],[-87.01451296362752,20.688714370902073],[-87.02350616726477,20.688714370902073]]]}},{"type":"Feature","properties":{"jobs":489,"pop":0,"pointCount":1,"homeWorkCommuteMedian":-1,"workHomeCommuteMedian":14781},"geometry":{"type":"Polygon","coordinates":[[[-87.02350616726477,20.706700778176565],[-87.02350616726477,20.71569398181381],[-87.01451296362752,20.71569398181381],[-87.01451296362752,20.706700778176565],[-87.02350616726477,20.706700778176565]]]}},{"type":"Feature","properties":{"jobs":1851,"pop":0,"pointCount":2,"homeWorkCommuteMedian":-1,"workHomeCommuteMedian":11852},"geometry":{"type":"Polygon","coordinates":[[[-87.01451296362752,20.69770757453932],[-87.01451296362752,20.706700778176565],[-87.00551975999028,20.706700778176565],[-87.00551975999028,20.69770757453932],[-87.01451296362752,20.69770757453932]]]}},{"type":"Feature","properties":{"jobs":395,"pop":0,"pointCount":1,"homeWorkCommuteMedian":-1,"workHomeCommuteMedian":47120},"geometry":{"type":"Polygon","coordinates":[[[-87.01451296362752,20.71569398181381],[-87.01451296362752,20.724687185451057],[-87.00551975999028,20.724687185451057],[-87.00551975999028,20.71569398181381],[-87.01451296362752,20.71569398181381]]]}},{"type":"Feature","properties":{"jobs":89,"pop":0,"pointCount":1,"homeWorkCommuteMedian":-1,"workHomeCommuteMedian":32827},"geometry":{"type":"Polygon","coordinates":[[[-87.00551975999028,20.994483294568436],[-87.00551975999028,21.003476498205682],[-86.99652655635303,21.003476498205682],[-86.99652655635303,20.994483294568436],[-87.00551975999028,20.994483294568436]]]}},{"type":"Feature","properties":{"jobs":194,"pop":0,"pointCount":1,"homeWorkCommuteMedian":-1,"workHomeCommuteMedian":24168},"geometry":{"type":"Polygon","coordinates":[[[-87.00551975999028,21.066428923666404],[-87.00551975999028,21.07542212730365],[-86.99652655635303,21.07542212730365],[-86.99652655635303,21.066428923666404],[-87.00551975999028,21.066428923666404]]]}},{"type":"Feature","properties":{"jobs":163,"pop":0,"pointCount":1,"homeWorkCommuteMedian":-1,"workHomeCommuteMedian":66129},"geometry":{"type":"Polygon","coordinates":[[[-86.99652655635303,20.26603379995151],[-86.99652655635303,20.275027003588757],[-86.98753335271579,20.275027003588757],[-86.98753335271579,20.26603379995151],[-86.99652655635303,20.26603379995151]]]}},{"type":"Feature","properties":{"jobs":891,"pop":0,"pointCount":2,"homeWorkCommuteMedian":-1,"workHomeCommuteMedian":40336},"geometry":{"type":"Polygon","coordinates":[[[-86.99652655635303,20.436904669059185],[-86.99652655635303,20.44589787269643],[-86.98753335271579,20.44589787269643],[-86.98753335271579,20.436904669059185],[-86.99652655635303,20.436904669059185]]]}},{"type":"Feature","properties":{"jobs":1080,"pop":0,"pointCount":2,"homeWorkCommuteMedian":-1,"workHomeCommuteMedian":9913},"geometry":{"type":"Polygon","coordinates":[[[-86.99652655635303,20.44589787269643],[-86.99652655635303,20.454891076333677],[-86.98753335271579,20.454891076333677],[-86.98753335271579,20.44589787269643],[-86.99652655635303,20.44589787269643]]]}},{"type":"Feature","properties":{"jobs":389,"pop":0,"pointCount":1,"homeWorkCommuteMedian":-1,"workHomeCommuteMedian":18139},"geometry":{"type":"Polygon","coordinates":[[[-86.99652655635303,21.084415330940896],[-86.99652655635303,21.093408534578142],[-86.98753335271579,21.093408534578142],[-86.98753335271579,21.084415330940896],[-86.99652655635303,21.084415330940896]]]}},{"type":"Feature","properties":{"jobs":33,"pop":0,"pointCount":1,"homeWorkCommuteMedian":-1,"workHomeCommuteMedian":26423},"geometry":{"type":"Polygon","coordinates":[[[-86.99652655635303,21.093408534578142],[-86.99652655635303,21.102401738215388],[-86.98753335271579,21.102401738215388],[-86.98753335271579,21.093408534578142],[-86.99652655635303,21.093408534578142]]]}},{"type":"Feature","properties":{"jobs":2515,"pop":0,"pointCount":1,"homeWorkCommuteMedian":-1,"workHomeCommuteMedian":7752},"geometry":{"type":"Polygon","coordinates":[[[-86.98753335271579,20.454891076333677],[-86.98753335271579,20.463884279970923],[-86.97854014907854,20.463884279970923],[-86.97854014907854,20.454891076333677],[-86.98753335271579,20.454891076333677]]]}},{"type":"Feature","properties":{"jobs":4356,"pop":1,"pointCount":3,"homeWorkCommuteMedian":35595,"workHomeCommuteMedian":6549},"geometry":{"type":"Polygon","coordinates":[[[-86.97854014907854,20.47287748360817],[-86.97854014907854,20.481870687245415],[-86.9695469454413,20.481870687245415],[-86.9695469454413,20.47287748360817],[-86.97854014907854,20.47287748360817]]]}},{"type":"Feature","properties":{"jobs":383,"pop":63,"pointCount":1,"homeWorkCommuteMedian":45470,"workHomeCommuteMedian":36245},"geometry":{"type":"Polygon","coordinates":[[[-86.97854014907854,20.481870687245415],[-86.97854014907854,20.49086389088266],[-86.9695469454413,20.49086389088266],[-86.9695469454413,20.481870687245415],[-86.97854014907854,20.481870687245415]]]}},{"type":"Feature","properties":{"jobs":1568,"pop":0,"pointCount":1,"homeWorkCommuteMedian":-1,"workHomeCommuteMedian":16021},"geometry":{"type":"Polygon","coordinates":[[[-86.97854014907854,20.71569398181381],[-86.97854014907854,20.724687185451057],[-86.9695469454413,20.724687185451057],[-86.9695469454413,20.71569398181381],[-86.97854014907854,20.71569398181381]]]}},{"type":"Feature","properties":{"jobs":1619,"pop":0,"pointCount":2,"homeWorkCommuteMedian":-1,"workHomeCommuteMedian":18154},"geometry":{"type":"Polygon","coordinates":[[[-86.97854014907854,20.733680389088303],[-86.97854014907854,20.74267359272555],[-86.9695469454413,20.74267359272555],[-86.9695469454413,20.733680389088303],[-86.97854014907854,20.733680389088303]]]}},{"type":"Feature","properties":{"jobs":257,"pop":0,"pointCount":1,"homeWorkCommuteMedian":-1,"workHomeCommuteMedian":47480},"geometry":{"type":"Polygon","coordinates":[[[-86.97854014907854,20.8505920363725],[-86.97854014907854,20.859585240009746],[-86.9695469454413,20.859585240009746],[-86.9695469454413,20.8505920363725],[-86.97854014907854,20.8505920363725]]]}},{"type":"Feature","properties":{"jobs":274,"pop":0,"pointCount":2,"homeWorkCommuteMedian":-1,"workHomeCommuteMedian":6265},"geometry":{"type":"Polygon","coordinates":[[[-86.97854014907854,21.093408534578142],[-86.97854014907854,21.102401738215388],[-86.9695469454413,21.102401738215388],[-86.9695469454413,21.093408534578142],[-86.97854014907854,21.093408534578142]]]}},{"type":"Feature","properties":{"jobs":0,"pop":6,"pointCount":1,"homeWorkCommuteMedian":11942,"workHomeCommuteMedian":-1},"geometry":{"type":"Polygon","coordinates":[[[-86.97854014907854,21.102401738215388],[-86.97854014907854,21.111394941852634],[-86.9695469454413,21.111394941852634],[-86.9695469454413,21.102401738215388],[-86.97854014907854,21.102401738215388]]]}},{"type":"Feature","properties":{"jobs":711,"pop":1,"pointCount":2,"homeWorkCommuteMedian":35788,"workHomeCommuteMedian":4350},"geometry":{"type":"Polygon","coordinates":[[[-86.9695469454413,20.47287748360817],[-86.9695469454413,20.481870687245415],[-86.96055374180405,20.481870687245415],[-86.96055374180405,20.47287748360817],[-86.9695469454413,20.47287748360817]]]}},{"type":"Feature","properties":{"jobs":200,"pop":0,"pointCount":1,"homeWorkCommuteMedian":-1,"workHomeCommuteMedian":3930},"geometry":{"type":"Polygon","coordinates":[[[-86.9695469454413,20.481870687245415],[-86.9695469454413,20.49086389088266],[-86.96055374180405,20.49086389088266],[-86.96055374180405,20.481870687245415],[-86.9695469454413,20.481870687245415]]]}},{"type":"Feature","properties":{"jobs":576,"pop":0,"pointCount":2,"homeWorkCommuteMedian":-1,"workHomeCommuteMedian":4807},"geometry":{"type":"Polygon","coordinates":[[[-86.9695469454413,20.49086389088266],[-86.9695469454413,20.499857094519907],[-86.96055374180405,20.499857094519907],[-86.96055374180405,20.49086389088266],[-86.9695469454413,20.49086389088266]]]}},{"type":"Feature","properties":{"jobs":1279,"pop":0,"pointCount":2,"homeWorkCommuteMedian":-1,"workHomeCommuteMedian":17969},"geometry":{"type":"Polygon","coordinates":[[[-86.9695469454413,20.733680389088303],[-86.9695469454413,20.74267359272555],[-86.96055374180405,20.74267359272555],[-86.96055374180405,20.733680389088303],[-86.9695469454413,20.733680389088303]]]}},{"type":"Feature","properties":{"jobs":912,"pop":0,"pointCount":1,"homeWorkCommuteMedian":-1,"workHomeCommuteMedian":18280},"geometry":{"type":"Polygon","coordinates":[[[-86.9695469454413,20.751666796362795],[-86.9695469454413,20.76066000000004],[-86.96055374180405,20.76066000000004],[-86.96055374180405,20.751666796362795],[-86.9695469454413,20.751666796362795]]]}},{"type":"Feature","properties":{"jobs":221,"pop":0,"pointCount":1,"homeWorkCommuteMedian":-1,"workHomeCommuteMedian":9332},"geometry":{"type":"Polygon","coordinates":[[[-86.9695469454413,20.8505920363725],[-86.9695469454413,20.859585240009746],[-86.96055374180405,20.859585240009746],[-86.96055374180405,20.8505920363725],[-86.9695469454413,20.8505920363725]]]}},{"type":"Feature","properties":{"jobs":195,"pop":0,"pointCount":1,"homeWorkCommuteMedian":-1,"workHomeCommuteMedian":17358},"geometry":{"type":"Polygon","coordinates":[[[-86.9695469454413,21.093408534578142],[-86.9695469454413,21.102401738215388],[-86.96055374180405,21.102401738215388],[-86.96055374180405,21.093408534578142],[-86.9695469454413,21.093408534578142]]]}},{"type":"Feature","properties":{"jobs":295,"pop":15,"pointCount":2,"homeWorkCommuteMedian":15925,"workHomeCommuteMedian":9951},"geometry":{"type":"Polygon","coordinates":[[[-86.9695469454413,21.102401738215388],[-86.9695469454413,21.111394941852634],[-86.96055374180405,21.111394941852634],[-86.96055374180405,21.102401738215388],[-86.9695469454413,21.102401738215388]]]}},{"type":"Feature","properties":{"jobs":446,"pop":0,"pointCount":1,"homeWorkCommuteMedian":-1,"workHomeCommuteMedian":6490},"geometry":{"type":"Polygon","coordinates":[[[-86.96055374180405,20.463884279970923],[-86.96055374180405,20.47287748360817],[-86.9515605381668,20.47287748360817],[-86.9515605381668,20.463884279970923],[-86.96055374180405,20.463884279970923]]]}},{"type":"Feature","properties":{"jobs":264,"pop":2081,"pointCount":4,"homeWorkCommuteMedian":4962,"workHomeCommuteMedian":6147},"geometry":{"type":"Polygon","coordinates":[[[-86.96055374180405,20.47287748360817],[-86.96055374180405,20.481870687245415],[-86.9515605381668,20.481870687245415],[-86.9515605381668,20.47287748360817],[-86.96055374180405,20.47287748360817]]]}},{"type":"Feature","properties":{"jobs":4492,"pop":4490,"pointCount":8,"homeWorkCommuteMedian":2851,"workHomeCommuteMedian":3522},"geometry":{"type":"Polygon","coordinates":[[[-86.96055374180405,20.481870687245415],[-86.96055374180405,20.49086389088266],[-86.9515605381668,20.49086389088266],[-86.9515605381668,20.481870687245415],[-86.96055374180405,20.481870687245415]]]}},{"type":"Feature","properties":{"jobs":762,"pop":4226,"pointCount":5,"homeWorkCommuteMedian":2131,"workHomeCommuteMedian":2004},"geometry":{"type":"Polygon","coordinates":[[[-86.96055374180405,20.49086389088266],[-86.96055374180405,20.499857094519907],[-86.9515605381668,20.499857094519907],[-86.9515605381668,20.49086389088266],[-86.96055374180405,20.49086389088266]]]}},{"type":"Feature","properties":{"jobs":7893,"pop":1056,"pointCount":10,"homeWorkCommuteMedian":3239,"workHomeCommuteMedian":3407},"geometry":{"type":"Polygon","coordinates":[[[-86.96055374180405,20.499857094519907],[-86.96055374180405,20.508850298157153],[-86.9515605381668,20.508850298157153],[-86.9515605381668,20.499857094519907],[-86.96055374180405,20.499857094519907]]]}},{"type":"Feature","properties":{"jobs":206,"pop":21,"pointCount":3,"homeWorkCommuteMedian":16426,"workHomeCommuteMedian":25088},"geometry":{"type":"Polygon","coordinates":[[[-86.96055374180405,21.102401738215388],[-86.96055374180405,21.111394941852634],[-86.9515605381668,21.111394941852634],[-86.9515605381668,21.102401738215388],[-86.96055374180405,21.102401738215388]]]}},{"type":"Feature","properties":{"jobs":218,"pop":229,"pointCount":2,"homeWorkCommuteMedian":30482,"workHomeCommuteMedian":7890},"geometry":{"type":"Polygon","coordinates":[[[-86.96055374180405,21.111394941852634],[-86.96055374180405,21.12038814548988],[-86.9515605381668,21.12038814548988],[-86.9515605381668,21.111394941852634],[-86.96055374180405,21.111394941852634]]]}},{"type":"Feature","properties":{"jobs":0,"pop":80,"pointCount":1,"homeWorkCommuteMedian":18180,"workHomeCommuteMedian":-1},"geometry":{"type":"Polygon","coordinates":[[[-86.96055374180405,21.12038814548988],[-86.96055374180405,21.129381349127126],[-86.9515605381668,21.129381349127126],[-86.9515605381668,21.12038814548988],[-86.96055374180405,21.12038814548988]]]}},{"type":"Feature","properties":{"jobs":388,"pop":937,"pointCount":4,"homeWorkCommuteMedian":5366,"workHomeCommuteMedian":40812},"geometry":{"type":"Polygon","coordinates":[[[-86.9515605381668,20.481870687245415],[-86.9515605381668,20.49086389088266],[-86.94256733452956,20.49086389088266],[-86.94256733452956,20.481870687245415],[-86.9515605381668,20.481870687245415]]]}},{"type":"Feature","properties":{"jobs":4257,"pop":2693,"pointCount":10,"homeWorkCommuteMedian":3389,"workHomeCommuteMedian":2958},"geometry":{"type":"Polygon","coordinates":[[[-86.9515605381668,20.49086389088266],[-86.9515605381668,20.499857094519907],[-86.94256733452956,20.499857094519907],[-86.94256733452956,20.49086389088266],[-86.9515605381668,20.49086389088266]]]}},{"type":"Feature","properties":{"jobs":4383,"pop":2765,"pointCount":10,"homeWorkCommuteMedian":3961,"workHomeCommuteMedian":2975},"geometry":{"type":"Polygon","coordinates":[[[-86.9515605381668,20.499857094519907],[-86.9515605381668,20.508850298157153],[-86.94256733452956,20.508850298157153],[-86.94256733452956,20.499857094519907],[-86.9515605381668,20.499857094519907]]]}},{"type":"Feature","properties":{"jobs":3672,"pop":854,"pointCount":6,"homeWorkCommuteMedian":3033,"workHomeCommuteMedian":5730},"geometry":{"type":"Polygon","coordinates":[[[-86.9515605381668,20.508850298157153],[-86.9515605381668,20.5178435017944],[-86.94256733452956,20.5178435017944],[-86.94256733452956,20.508850298157153],[-86.9515605381668,20.508850298157153]]]}},{"type":"Feature","properties":{"jobs":614,"pop":0,"pointCount":1,"homeWorkCommuteMedian":-1,"workHomeCommuteMedian":4328},"geometry":{"type":"Polygon","coordinates":[[[-86.9515605381668,20.5178435017944],[-86.9515605381668,20.526836705431645],[-86.94256733452956,20.526836705431645],[-86.94256733452956,20.5178435017944],[-86.9515605381668,20.5178435017944]]]}},{"type":"Feature","properties":{"jobs":546,"pop":0,"pointCount":1,"homeWorkCommuteMedian":-1,"workHomeCommuteMedian":24392},"geometry":{"type":"Polygon","coordinates":[[[-86.9515605381668,20.778646407274532],[-86.9515605381668,20.78763961091178],[-86.94256733452956,20.78763961091178],[-86.94256733452956,20.778646407274532],[-86.9515605381668,20.778646407274532]]]}},{"type":"Feature","properties":{"jobs":226,"pop":239,"pointCount":4,"homeWorkCommuteMedian":19072,"workHomeCommuteMedian":11923},"geometry":{"type":"Polygon","coordinates":[[[-86.9515605381668,21.084415330940896],[-86.9515605381668,21.093408534578142],[-86.94256733452956,21.093408534578142],[-86.94256733452956,21.084415330940896],[-86.9515605381668,21.084415330940896]]]}},{"type":"Feature","properties":{"jobs":580,"pop":433,"pointCount":3,"homeWorkCommuteMedian":19197,"workHomeCommuteMedian":16556},"geometry":{"type":"Polygon","coordinates":[[[-86.9515605381668,21.093408534578142],[-86.9515605381668,21.102401738215388],[-86.94256733452956,21.102401738215388],[-86.94256733452956,21.093408534578142],[-86.9515605381668,21.093408534578142]]]}},{"type":"Feature","properties":{"jobs":635,"pop":1626,"pointCount":8,"homeWorkCommuteMedian":15614,"workHomeCommuteMedian":9511},"geometry":{"type":"Polygon","coordinates":[[[-86.9515605381668,21.102401738215388],[-86.9515605381668,21.111394941852634],[-86.94256733452956,21.111394941852634],[-86.94256733452956,21.102401738215388],[-86.9515605381668,21.102401738215388]]]}},{"type":"Feature","properties":{"jobs":604,"pop":298,"pointCount":3,"homeWorkCommuteMedian":13126,"workHomeCommuteMedian":8943},"geometry":{"type":"Polygon","coordinates":[[[-86.9515605381668,21.111394941852634],[-86.9515605381668,21.12038814548988],[-86.94256733452956,21.12038814548988],[-86.94256733452956,21.111394941852634],[-86.9515605381668,21.111394941852634]]]}},{"type":"Feature","properties":{"jobs":0,"pop":284,"pointCount":1,"homeWorkCommuteMedian":7752,"workHomeCommuteMedian":-1},"geometry":{"type":"Polygon","coordinates":[[[-86.94256733452956,20.47287748360817],[-86.94256733452956,20.481870687245415],[-86.93357413089231,20.481870687245415],[-86.93357413089231,20.47287748360817],[-86.94256733452956,20.47287748360817]]]}},{"type":"Feature","properties":{"jobs":428,"pop":1482,"pointCount":5,"homeWorkCommuteMedian":3928,"workHomeCommuteMedian":2863},"geometry":{"type":"Polygon","coordinates":[[[-86.94256733452956,20.481870687245415],[-86.94256733452956,20.49086389088266],[-86.93357413089231,20.49086389088266],[-86.93357413089231,20.481870687245415],[-86.94256733452956,20.481870687245415]]]}},{"type":"Feature","properties":{"jobs":2508,"pop":6386,"pointCount":10,"homeWorkCommuteMedian":3366,"workHomeCommuteMedian":2246},"geometry":{"type":"Polygon","coordinates":[[[-86.94256733452956,20.49086389088266],[-86.94256733452956,20.499857094519907],[-86.93357413089231,20.499857094519907],[-86.93357413089231,20.49086389088266],[-86.94256733452956,20.49086389088266]]]}},{"type":"Feature","properties":{"jobs":4826,"pop":4559,"pointCount":8,"homeWorkCommuteMedian":2264,"workHomeCommuteMedian":1828},"geometry":{"type":"Polygon","coordinates":[[[-86.94256733452956,20.499857094519907],[-86.94256733452956,20.508850298157153],[-86.93357413089231,20.508850298157153],[-86.93357413089231,20.499857094519907],[-86.94256733452956,20.499857094519907]]]}},{"type":"Feature","properties":{"jobs":1465,"pop":1910,"pointCount":6,"homeWorkCommuteMedian":6558,"workHomeCommuteMedian":3243},"geometry":{"type":"Polygon","coordinates":[[[-86.94256733452956,20.508850298157153],[-86.94256733452956,20.5178435017944],[-86.93357413089231,20.5178435017944],[-86.93357413089231,20.508850298157153],[-86.94256733452956,20.508850298157153]]]}},{"type":"Feature","properties":{"jobs":561,"pop":59,"pointCount":2,"homeWorkCommuteMedian":6638,"workHomeCommuteMedian":5418},"geometry":{"type":"Polygon","coordinates":[[[-86.94256733452956,20.526836705431645],[-86.94256733452956,20.53582990906889],[-86.93357413089231,20.53582990906889],[-86.93357413089231,20.526836705431645],[-86.94256733452956,20.526836705431645]]]}},{"type":"Feature","properties":{"jobs":755,"pop":0,"pointCount":1,"homeWorkCommuteMedian":-1,"workHomeCommuteMedian":28308},"geometry":{"type":"Polygon","coordinates":[[[-86.94256733452956,20.778646407274532],[-86.94256733452956,20.78763961091178],[-86.93357413089231,20.78763961091178],[-86.93357413089231,20.778646407274532],[-86.94256733452956,20.778646407274532]]]}},{"type":"Feature","properties":{"jobs":0,"pop":439,"pointCount":3,"homeWorkCommuteMedian":20873,"workHomeCommuteMedian":-1},"geometry":{"type":"Polygon","coordinates":[[[-86.94256733452956,21.084415330940896],[-86.94256733452956,21.093408534578142],[-86.93357413089231,21.093408534578142],[-86.93357413089231,21.084415330940896],[-86.94256733452956,21.084415330940896]]]}},{"type":"Feature","properties":{"jobs":192,"pop":1102,"pointCount":3,"homeWorkCommuteMedian":18937,"workHomeCommuteMedian":13384},"geometry":{"type":"Polygon","coordinates":[[[-86.94256733452956,21.093408534578142],[-86.94256733452956,21.102401738215388],[-86.93357413089231,21.102401738215388],[-86.93357413089231,21.093408534578142],[-86.94256733452956,21.093408534578142]]]}},{"type":"Feature","properties":{"jobs":492,"pop":1132,"pointCount":7,"homeWorkCommuteMedian":15945,"workHomeCommuteMedian":5965},"geometry":{"type":"Polygon","coordinates":[[[-86.94256733452956,21.102401738215388],[-86.94256733452956,21.111394941852634],[-86.93357413089231,21.111394941852634],[-86.93357413089231,21.102401738215388],[-86.94256733452956,21.102401738215388]]]}},{"type":"Feature","properties":{"jobs":2155,"pop":1599,"pointCount":7,"homeWorkCommuteMedian":12289,"workHomeCommuteMedian":9240},"geometry":{"type":"Polygon","coordinates":[[[-86.94256733452956,21.111394941852634],[-86.94256733452956,21.12038814548988],[-86.93357413089231,21.12038814548988],[-86.93357413089231,21.111394941852634],[-86.94256733452956,21.111394941852634]]]}},{"type":"Feature","properties":{"jobs":0,"pop":929,"pointCount":2,"homeWorkCommuteMedian":10354,"workHomeCommuteMedian":-1},"geometry":{"type":"Polygon","coordinates":[[[-86.94256733452956,21.147367756401618],[-86.94256733452956,21.156360960038864],[-86.93357413089231,21.156360960038864],[-86.93357413089231,21.147367756401618],[-86.94256733452956,21.147367756401618]]]}},{"type":"Feature","properties":{"jobs":379,"pop":1426,"pointCount":4,"homeWorkCommuteMedian":4350,"workHomeCommuteMedian":3961},"geometry":{"type":"Polygon","coordinates":[[[-86.93357413089231,20.47287748360817],[-86.93357413089231,20.481870687245415],[-86.92458092725506,20.481870687245415],[-86.92458092725506,20.47287748360817],[-86.93357413089231,20.47287748360817]]]}},{"type":"Feature","properties":{"jobs":1078,"pop":3502,"pointCount":7,"homeWorkCommuteMedian":6280,"workHomeCommuteMedian":4962},"geometry":{"type":"Polygon","coordinates":[[[-86.93357413089231,20.481870687245415],[-86.93357413089231,20.49086389088266],[-86.92458092725506,20.49086389088266],[-86.92458092725506,20.481870687245415],[-86.93357413089231,20.481870687245415]]]}},{"type":"Feature","properties":{"jobs":1285,"pop":1511,"pointCount":7,"homeWorkCommuteMedian":3724,"workHomeCommuteMedian":2928},"geometry":{"type":"Polygon","coordinates":[[[-86.93357413089231,20.49086389088266],[-86.93357413089231,20.499857094519907],[-86.92458092725506,20.499857094519907],[-86.92458092725506,20.49086389088266],[-86.93357413089231,20.49086389088266]]]}},{"type":"Feature","properties":{"jobs":1076,"pop":4374,"pointCount":8,"homeWorkCommuteMedian":3068,"workHomeCommuteMedian":1796},"geometry":{"type":"Polygon","coordinates":[[[-86.93357413089231,20.499857094519907],[-86.93357413089231,20.508850298157153],[-86.92458092725506,20.508850298157153],[-86.92458092725506,20.499857094519907],[-86.93357413089231,20.499857094519907]]]}},{"type":"Feature","properties":{"jobs":672,"pop":0,"pointCount":1,"homeWorkCommuteMedian":-1,"workHomeCommuteMedian":4835},"geometry":{"type":"Polygon","coordinates":[[[-86.93357413089231,20.508850298157153],[-86.93357413089231,20.5178435017944],[-86.92458092725506,20.5178435017944],[-86.92458092725506,20.508850298157153],[-86.93357413089231,20.508850298157153]]]}},{"type":"Feature","properties":{"jobs":282,"pop":14,"pointCount":1,"homeWorkCommuteMedian":55106,"workHomeCommuteMedian":7634},"geometry":{"type":"Polygon","coordinates":[[[-86.93357413089231,20.53582990906889],[-86.93357413089231,20.544823112706137],[-86.92458092725506,20.544823112706137],[-86.92458092725506,20.53582990906889],[-86.93357413089231,20.53582990906889]]]}},{"type":"Feature","properties":{"jobs":620,"pop":4,"pointCount":2,"homeWorkCommuteMedian":34964,"workHomeCommuteMedian":7628},"geometry":{"type":"Polygon","coordinates":[[[-86.93357413089231,20.544823112706137],[-86.93357413089231,20.553816316343383],[-86.92458092725506,20.553816316343383],[-86.92458092725506,20.544823112706137],[-86.93357413089231,20.544823112706137]]]}},{"type":"Feature","properties":{"jobs":290,"pop":0,"pointCount":1,"homeWorkCommuteMedian":-1,"workHomeCommuteMedian":21022},"geometry":{"type":"Polygon","coordinates":[[[-86.93357413089231,20.78763961091178],[-86.93357413089231,20.796632814549024],[-86.92458092725506,20.796632814549024],[-86.92458092725506,20.78763961091178],[-86.93357413089231,20.78763961091178]]]}},{"type":"Feature","properties":{"jobs":0,"pop":177,"pointCount":1,"homeWorkCommuteMedian":17282,"workHomeCommuteMedian":-1},"geometry":{"type":"Polygon","coordinates":[[[-86.93357413089231,21.07542212730365],[-86.93357413089231,21.084415330940896],[-86.92458092725506,21.084415330940896],[-86.92458092725506,21.07542212730365],[-86.93357413089231,21.07542212730365]]]}},{"type":"Feature","properties":{"jobs":187,"pop":376,"pointCount":3,"homeWorkCommuteMedian":18350,"workHomeCommuteMedian":11718},"geometry":{"type":"Polygon","coordinates":[[[-86.93357413089231,21.084415330940896],[-86.93357413089231,21.093408534578142],[-86.92458092725506,21.093408534578142],[-86.92458092725506,21.084415330940896],[-86.93357413089231,21.084415330940896]]]}},{"type":"Feature","properties":{"jobs":0,"pop":351,"pointCount":1,"homeWorkCommuteMedian":16426,"workHomeCommuteMedian":-1},"geometry":{"type":"Polygon","coordinates":[[[-86.93357413089231,21.093408534578142],[-86.93357413089231,21.102401738215388],[-86.92458092725506,21.102401738215388],[-86.92458092725506,21.093408534578142],[-86.93357413089231,21.093408534578142]]]}},{"type":"Feature","properties":{"jobs":0,"pop":401,"pointCount":4,"homeWorkCommuteMedian":17715,"workHomeCommuteMedian":-1},"geometry":{"type":"Polygon","coordinates":[[[-86.93357413089231,21.102401738215388],[-86.93357413089231,21.111394941852634],[-86.92458092725506,21.111394941852634],[-86.92458092725506,21.102401738215388],[-86.93357413089231,21.102401738215388]]]}},{"type":"Feature","properties":{"jobs":482,"pop":1030,"pointCount":3,"homeWorkCommuteMedian":13704,"workHomeCommuteMedian":9471},"geometry":{"type":"Polygon","coordinates":[[[-86.93357413089231,21.111394941852634],[-86.93357413089231,21.12038814548988],[-86.92458092725506,21.12038814548988],[-86.92458092725506,21.111394941852634],[-86.93357413089231,21.111394941852634]]]}},{"type":"Feature","properties":{"jobs":427,"pop":0,"pointCount":3,"homeWorkCommuteMedian":-1,"workHomeCommuteMedian":9631},"geometry":{"type":"Polygon","coordinates":[[[-86.93357413089231,21.12038814548988],[-86.93357413089231,21.129381349127126],[-86.92458092725506,21.129381349127126],[-86.92458092725506,21.12038814548988],[-86.93357413089231,21.12038814548988]]]}},{"type":"Feature","properties":{"jobs":773,"pop":6250,"pointCount":6,"homeWorkCommuteMedian":12283,"workHomeCommuteMedian":6072},"geometry":{"type":"Polygon","coordinates":[[[-86.93357413089231,21.129381349127126],[-86.93357413089231,21.138374552764372],[-86.92458092725506,21.138374552764372],[-86.92458092725506,21.129381349127126],[-86.93357413089231,21.129381349127126]]]}},{"type":"Feature","properties":{"jobs":119,"pop":1563,"pointCount":3,"homeWorkCommuteMedian":12040,"workHomeCommuteMedian":10871},"geometry":{"type":"Polygon","coordinates":[[[-86.93357413089231,21.138374552764372],[-86.93357413089231,21.147367756401618],[-86.92458092725506,21.147367756401618],[-86.92458092725506,21.138374552764372],[-86.93357413089231,21.138374552764372]]]}},{"type":"Feature","properties":{"jobs":269,"pop":1322,"pointCount":2,"homeWorkCommuteMedian":13758,"workHomeCommuteMedian":10158},"geometry":{"type":"Polygon","coordinates":[[[-86.93357413089231,21.147367756401618],[-86.93357413089231,21.156360960038864],[-86.92458092725506,21.156360960038864],[-86.92458092725506,21.147367756401618],[-86.93357413089231,21.147367756401618]]]}},{"type":"Feature","properties":{"jobs":2668,"pop":6967,"pointCount":6,"homeWorkCommuteMedian":9861,"workHomeCommuteMedian":6035},"geometry":{"type":"Polygon","coordinates":[[[-86.93357413089231,21.156360960038864],[-86.93357413089231,21.16535416367611],[-86.92458092725506,21.16535416367611],[-86.92458092725506,21.156360960038864],[-86.93357413089231,21.156360960038864]]]}},{"type":"Feature","properties":{"jobs":0,"pop":370,"pointCount":1,"homeWorkCommuteMedian":6771,"workHomeCommuteMedian":-1},"geometry":{"type":"Polygon","coordinates":[[[-86.93357413089231,21.16535416367611],[-86.93357413089231,21.174347367313356],[-86.92458092725506,21.174347367313356],[-86.92458092725506,21.16535416367611],[-86.93357413089231,21.16535416367611]]]}},{"type":"Feature","properties":{"jobs":188,"pop":0,"pointCount":1,"homeWorkCommuteMedian":-1,"workHomeCommuteMedian":5622},"geometry":{"type":"Polygon","coordinates":[[[-86.92458092725506,20.49086389088266],[-86.92458092725506,20.499857094519907],[-86.91558772361782,20.499857094519907],[-86.91558772361782,20.49086389088266],[-86.92458092725506,20.49086389088266]]]}},{"type":"Feature","properties":{"jobs":0,"pop":176,"pointCount":2,"homeWorkCommuteMedian":5768,"workHomeCommuteMedian":-1},"geometry":{"type":"Polygon","coordinates":[[[-86.92458092725506,20.499857094519907],[-86.92458092725506,20.508850298157153],[-86.91558772361782,20.508850298157153],[-86.91558772361782,20.499857094519907],[-86.92458092725506,20.499857094519907]]]}},{"type":"Feature","properties":{"jobs":122,"pop":0,"pointCount":1,"homeWorkCommuteMedian":-1,"workHomeCommuteMedian":36217},"geometry":{"type":"Polygon","coordinates":[[[-86.92458092725506,20.544823112706137],[-86.92458092725506,20.553816316343383],[-86.91558772361782,20.553816316343383],[-86.91558772361782,20.544823112706137],[-86.92458092725506,20.544823112706137]]]}},{"type":"Feature","properties":{"jobs":0,"pop":27,"pointCount":1,"homeWorkCommuteMedian":11281,"workHomeCommuteMedian":-1},"geometry":{"type":"Polygon","coordinates":[[[-86.92458092725506,20.553816316343383],[-86.92458092725506,20.56280951998063],[-86.91558772361782,20.56280951998063],[-86.91558772361782,20.553816316343383],[-86.92458092725506,20.553816316343383]]]}},{"type":"Feature","properties":{"jobs":10,"pop":42,"pointCount":1,"homeWorkCommuteMedian":40230,"workHomeCommuteMedian":38502},"geometry":{"type":"Polygon","coordinates":[[[-86.92458092725506,20.859585240009746],[-86.92458092725506,20.868578443646992],[-86.91558772361782,20.868578443646992],[-86.91558772361782,20.859585240009746],[-86.92458092725506,20.859585240009746]]]}},{"type":"Feature","properties":{"jobs":0,"pop":5,"pointCount":1,"homeWorkCommuteMedian":16800,"workHomeCommuteMedian":-1},"geometry":{"type":"Polygon","coordinates":[[[-86.92458092725506,21.07542212730365],[-86.92458092725506,21.084415330940896],[-86.91558772361782,21.084415330940896],[-86.91558772361782,21.07542212730365],[-86.92458092725506,21.07542212730365]]]}},{"type":"Feature","properties":{"jobs":0,"pop":372,"pointCount":2,"homeWorkCommuteMedian":12808,"workHomeCommuteMedian":-1},"geometry":{"type":"Polygon","coordinates":[[[-86.92458092725506,21.084415330940896],[-86.92458092725506,21.093408534578142],[-86.91558772361782,21.093408534578142],[-86.91558772361782,21.084415330940896],[-86.92458092725506,21.084415330940896]]]}},{"type":"Feature","properties":{"jobs":214,"pop":101,"pointCount":3,"homeWorkCommuteMedian":28642,"workHomeCommuteMedian":9316},"geometry":{"type":"Polygon","coordinates":[[[-86.92458092725506,21.093408534578142],[-86.92458092725506,21.102401738215388],[-86.91558772361782,21.102401738215388],[-86.91558772361782,21.093408534578142],[-86.92458092725506,21.093408534578142]]]}},{"type":"Feature","properties":{"jobs":0,"pop":7,"pointCount":1,"homeWorkCommuteMedian":6225,"workHomeCommuteMedian":-1},"geometry":{"type":"Polygon","coordinates":[[[-86.92458092725506,21.102401738215388],[-86.92458092725506,21.111394941852634],[-86.91558772361782,21.111394941852634],[-86.91558772361782,21.102401738215388],[-86.92458092725506,21.102401738215388]]]}},{"type":"Feature","properties":{"jobs":0,"pop":1112,"pointCount":6,"homeWorkCommuteMedian":13837,"workHomeCommuteMedian":-1},"geometry":{"type":"Polygon","coordinates":[[[-86.92458092725506,21.111394941852634],[-86.92458092725506,21.12038814548988],[-86.91558772361782,21.12038814548988],[-86.91558772361782,21.111394941852634],[-86.92458092725506,21.111394941852634]]]}},{"type":"Feature","properties":{"jobs":0,"pop":134,"pointCount":2,"homeWorkCommuteMedian":17970,"workHomeCommuteMedian":-1},"geometry":{"type":"Polygon","coordinates":[[[-86.92458092725506,21.12038814548988],[-86.92458092725506,21.129381349127126],[-86.91558772361782,21.129381349127126],[-86.91558772361782,21.12038814548988],[-86.92458092725506,21.12038814548988]]]}},{"type":"Feature","properties":{"jobs":1785,"pop":6312,"pointCount":8,"homeWorkCommuteMedian":12160,"workHomeCommuteMedian":5915},"geometry":{"type":"Polygon","coordinates":[[[-86.92458092725506,21.129381349127126],[-86.92458092725506,21.138374552764372],[-86.91558772361782,21.138374552764372],[-86.91558772361782,21.129381349127126],[-86.92458092725506,21.129381349127126]]]}},{"type":"Feature","properties":{"jobs":636,"pop":9520,"pointCount":7,"homeWorkCommuteMedian":11370,"workHomeCommuteMedian":8774},"geometry":{"type":"Polygon","coordinates":[[[-86.92458092725506,21.138374552764372],[-86.92458092725506,21.147367756401618],[-86.91558772361782,21.147367756401618],[-86.91558772361782,21.138374552764372],[-86.92458092725506,21.138374552764372]]]}},{"type":"Feature","properties":{"jobs":385,"pop":6928,"pointCount":7,"homeWorkCommuteMedian":11155,"workHomeCommuteMedian":9352},"geometry":{"type":"Polygon","coordinates":[[[-86.92458092725506,21.147367756401618],[-86.92458092725506,21.156360960038864],[-86.91558772361782,21.156360960038864],[-86.91558772361782,21.147367756401618],[-86.92458092725506,21.147367756401618]]]}},{"type":"Feature","properties":{"jobs":1803,"pop":7018,"pointCount":12,"homeWorkCommuteMedian":12408,"workHomeCommuteMedian":6138},"geometry":{"type":"Polygon","coordinates":[[[-86.92458092725506,21.156360960038864],[-86.92458092725506,21.16535416367611],[-86.91558772361782,21.16535416367611],[-86.91558772361782,21.156360960038864],[-86.92458092725506,21.156360960038864]]]}},{"type":"Feature","properties":{"jobs":373,"pop":4083,"pointCount":4,"homeWorkCommuteMedian":14881,"workHomeCommuteMedian":5971},"geometry":{"type":"Polygon","coordinates":[[[-86.92458092725506,21.16535416367611],[-86.92458092725506,21.174347367313356],[-86.91558772361782,21.174347367313356],[-86.91558772361782,21.16535416367611],[-86.92458092725506,21.16535416367611]]]}},{"type":"Feature","properties":{"jobs":204,"pop":0,"pointCount":1,"homeWorkCommuteMedian":-1,"workHomeCommuteMedian":4397},"geometry":{"type":"Polygon","coordinates":[[[-86.91558772361782,20.49086389088266],[-86.91558772361782,20.499857094519907],[-86.90659451998057,20.499857094519907],[-86.90659451998057,20.49086389088266],[-86.91558772361782,20.49086389088266]]]}},{"type":"Feature","properties":{"jobs":203,"pop":27,"pointCount":1,"homeWorkCommuteMedian":10953,"workHomeCommuteMedian":2265},"geometry":{"type":"Polygon","coordinates":[[[-86.91558772361782,20.8505920363725],[-86.91558772361782,20.859585240009746],[-86.90659451998057,20.859585240009746],[-86.90659451998057,20.8505920363725],[-86.91558772361782,20.8505920363725]]]}},{"type":"Feature","properties":{"jobs":0,"pop":93,"pointCount":1,"homeWorkCommuteMedian":26331,"workHomeCommuteMedian":-1},"geometry":{"type":"Polygon","coordinates":[[[-86.91558772361782,20.859585240009746],[-86.91558772361782,20.868578443646992],[-86.90659451998057,20.868578443646992],[-86.90659451998057,20.859585240009746],[-86.91558772361782,20.859585240009746]]]}},{"type":"Feature","properties":{"jobs":0,"pop":31,"pointCount":1,"homeWorkCommuteMedian":15130,"workHomeCommuteMedian":-1},"geometry":{"type":"Polygon","coordinates":[[[-86.91558772361782,21.084415330940896],[-86.91558772361782,21.093408534578142],[-86.90659451998057,21.093408534578142],[-86.90659451998057,21.084415330940896],[-86.91558772361782,21.084415330940896]]]}},{"type":"Feature","properties":{"jobs":210,"pop":674,"pointCount":4,"homeWorkCommuteMedian":18146,"workHomeCommuteMedian":13509},"geometry":{"type":"Polygon","coordinates":[[[-86.91558772361782,21.093408534578142],[-86.91558772361782,21.102401738215388],[-86.90659451998057,21.102401738215388],[-86.90659451998057,21.093408534578142],[-86.91558772361782,21.093408534578142]]]}},{"type":"Feature","properties":{"jobs":913,"pop":782,"pointCount":4,"homeWorkCommuteMedian":22467,"workHomeCommuteMedian":16699},"geometry":{"type":"Polygon","coordinates":[[[-86.91558772361782,21.102401738215388],[-86.91558772361782,21.111394941852634],[-86.90659451998057,21.111394941852634],[-86.90659451998057,21.102401738215388],[-86.91558772361782,21.102401738215388]]]}},{"type":"Feature","properties":{"jobs":409,"pop":1126,"pointCount":3,"homeWorkCommuteMedian":21090,"workHomeCommuteMedian":17569},"geometry":{"type":"Polygon","coordinates":[[[-86.91558772361782,21.111394941852634],[-86.91558772361782,21.12038814548988],[-86.90659451998057,21.12038814548988],[-86.90659451998057,21.111394941852634],[-86.91558772361782,21.111394941852634]]]}},{"type":"Feature","properties":{"jobs":805,"pop":611,"pointCount":3,"homeWorkCommuteMedian":14977,"workHomeCommuteMedian":6488},"geometry":{"type":"Polygon","coordinates":[[[-86.91558772361782,21.12038814548988],[-86.91558772361782,21.129381349127126],[-86.90659451998057,21.129381349127126],[-86.90659451998057,21.12038814548988],[-86.91558772361782,21.12038814548988]]]}},{"type":"Feature","properties":{"jobs":1831,"pop":316,"pointCount":4,"homeWorkCommuteMedian":10144,"workHomeCommuteMedian":6267},"geometry":{"type":"Polygon","coordinates":[[[-86.91558772361782,21.129381349127126],[-86.91558772361782,21.138374552764372],[-86.90659451998057,21.138374552764372],[-86.90659451998057,21.129381349127126],[-86.91558772361782,21.129381349127126]]]}},{"type":"Feature","properties":{"jobs":1977,"pop":9878,"pointCount":7,"homeWorkCommuteMedian":8076,"workHomeCommuteMedian":4234},"geometry":{"type":"Polygon","coordinates":[[[-86.91558772361782,21.138374552764372],[-86.91558772361782,21.147367756401618],[-86.90659451998057,21.147367756401618],[-86.90659451998057,21.138374552764372],[-86.91558772361782,21.138374552764372]]]}},{"type":"Feature","properties":{"jobs":1876,"pop":9057,"pointCount":9,"homeWorkCommuteMedian":10341,"workHomeCommuteMedian":6212},"geometry":{"type":"Polygon","coordinates":[[[-86.91558772361782,21.147367756401618],[-86.91558772361782,21.156360960038864],[-86.90659451998057,21.156360960038864],[-86.90659451998057,21.147367756401618],[-86.91558772361782,21.147367756401618]]]}},{"type":"Feature","properties":{"jobs":62,"pop":2660,"pointCount":5,"homeWorkCommuteMedian":11486,"workHomeCommuteMedian":12319},"geometry":{"type":"Polygon","coordinates":[[[-86.91558772361782,21.156360960038864],[-86.91558772361782,21.16535416367611],[-86.90659451998057,21.16535416367611],[-86.90659451998057,21.156360960038864],[-86.91558772361782,21.156360960038864]]]}},{"type":"Feature","properties":{"jobs":1751,"pop":8059,"pointCount":6,"homeWorkCommuteMedian":14077,"workHomeCommuteMedian":8702},"geometry":{"type":"Polygon","coordinates":[[[-86.91558772361782,21.16535416367611],[-86.91558772361782,21.174347367313356],[-86.90659451998057,21.174347367313356],[-86.90659451998057,21.16535416367611],[-86.91558772361782,21.16535416367611]]]}},{"type":"Feature","properties":{"jobs":6768,"pop":11623,"pointCount":16,"homeWorkCommuteMedian":10901,"workHomeCommuteMedian":6524},"geometry":{"type":"Polygon","coordinates":[[[-86.91558772361782,21.174347367313356],[-86.91558772361782,21.1833405709506],[-86.90659451998057,21.1833405709506],[-86.90659451998057,21.174347367313356],[-86.91558772361782,21.174347367313356]]]}},{"type":"Feature","properties":{"jobs":24,"pop":0,"pointCount":1,"homeWorkCommuteMedian":-1,"workHomeCommuteMedian":9862},"geometry":{"type":"Polygon","coordinates":[[[-86.91558772361782,21.1833405709506],[-86.91558772361782,21.192333774587848],[-86.90659451998057,21.192333774587848],[-86.90659451998057,21.1833405709506],[-86.91558772361782,21.1833405709506]]]}},{"type":"Feature","properties":{"jobs":2735,"pop":4491,"pointCount":9,"homeWorkCommuteMedian":11309,"workHomeCommuteMedian":2618},"geometry":{"type":"Polygon","coordinates":[[[-86.90659451998057,20.8505920363725],[-86.90659451998057,20.859585240009746],[-86.89760131634333,20.859585240009746],[-86.89760131634333,20.8505920363725],[-86.90659451998057,20.8505920363725]]]}},{"type":"Feature","properties":{"jobs":264,"pop":3785,"pointCount":6,"homeWorkCommuteMedian":7016,"workHomeCommuteMedian":693},"geometry":{"type":"Polygon","coordinates":[[[-86.90659451998057,20.859585240009746],[-86.90659451998057,20.868578443646992],[-86.89760131634333,20.868578443646992],[-86.89760131634333,20.859585240009746],[-86.90659451998057,20.859585240009746]]]}},{"type":"Feature","properties":{"jobs":0,"pop":29,"pointCount":1,"homeWorkCommuteMedian":19368,"workHomeCommuteMedian":-1},"geometry":{"type":"Polygon","coordinates":[[[-86.90659451998057,20.868578443646992],[-86.90659451998057,20.87757164728424],[-86.89760131634333,20.87757164728424],[-86.89760131634333,20.868578443646992],[-86.90659451998057,20.868578443646992]]]}},{"type":"Feature","properties":{"jobs":316,"pop":0,"pointCount":1,"homeWorkCommuteMedian":-1,"workHomeCommuteMedian":18611},"geometry":{"type":"Polygon","coordinates":[[[-86.90659451998057,21.048442516391912],[-86.90659451998057,21.057435720029158],[-86.89760131634333,21.057435720029158],[-86.89760131634333,21.048442516391912],[-86.90659451998057,21.048442516391912]]]}},{"type":"Feature","properties":{"jobs":0,"pop":48,"pointCount":1,"homeWorkCommuteMedian":14597,"workHomeCommuteMedian":-1},"geometry":{"type":"Polygon","coordinates":[[[-86.90659451998057,21.102401738215388],[-86.90659451998057,21.111394941852634],[-86.89760131634333,21.111394941852634],[-86.89760131634333,21.102401738215388],[-86.90659451998057,21.102401738215388]]]}},{"type":"Feature","properties":{"jobs":0,"pop":29,"pointCount":1,"homeWorkCommuteMedian":10853,"workHomeCommuteMedian":-1},"geometry":{"type":"Polygon","coordinates":[[[-86.90659451998057,21.12038814548988],[-86.90659451998057,21.129381349127126],[-86.89760131634333,21.129381349127126],[-86.89760131634333,21.12038814548988],[-86.90659451998057,21.12038814548988]]]}},{"type":"Feature","properties":{"jobs":877,"pop":633,"pointCount":4,"homeWorkCommuteMedian":10193,"workHomeCommuteMedian":5318},"geometry":{"type":"Polygon","coordinates":[[[-86.90659451998057,21.129381349127126],[-86.90659451998057,21.138374552764372],[-86.89760131634333,21.138374552764372],[-86.89760131634333,21.129381349127126],[-86.90659451998057,21.129381349127126]]]}},{"type":"Feature","properties":{"jobs":2266,"pop":6202,"pointCount":9,"homeWorkCommuteMedian":8786,"workHomeCommuteMedian":3909},"geometry":{"type":"Polygon","coordinates":[[[-86.90659451998057,21.138374552764372],[-86.90659451998057,21.147367756401618],[-86.89760131634333,21.147367756401618],[-86.89760131634333,21.138374552764372],[-86.90659451998057,21.138374552764372]]]}},{"type":"Feature","properties":{"jobs":1771,"pop":9490,"pointCount":11,"homeWorkCommuteMedian":9168,"workHomeCommuteMedian":5830},"geometry":{"type":"Polygon","coordinates":[[[-86.90659451998057,21.147367756401618],[-86.90659451998057,21.156360960038864],[-86.89760131634333,21.156360960038864],[-86.89760131634333,21.147367756401618],[-86.90659451998057,21.147367756401618]]]}},{"type":"Feature","properties":{"jobs":318,"pop":1562,"pointCount":5,"homeWorkCommuteMedian":9599,"workHomeCommuteMedian":7671},"geometry":{"type":"Polygon","coordinates":[[[-86.90659451998057,21.156360960038864],[-86.90659451998057,21.16535416367611],[-86.89760131634333,21.16535416367611],[-86.89760131634333,21.156360960038864],[-86.90659451998057,21.156360960038864]]]}},{"type":"Feature","properties":{"jobs":1075,"pop":3481,"pointCount":4,"homeWorkCommuteMedian":13824,"workHomeCommuteMedian":8354},"geometry":{"type":"Polygon","coordinates":[[[-86.90659451998057,21.16535416367611],[-86.90659451998057,21.174347367313356],[-86.89760131634333,21.174347367313356],[-86.89760131634333,21.16535416367611],[-86.90659451998057,21.16535416367611]]]}},{"type":"Feature","properties":{"jobs":706,"pop":7099,"pointCount":7,"homeWorkCommuteMedian":9960,"workHomeCommuteMedian":6055},"geometry":{"type":"Polygon","coordinates":[[[-86.90659451998057,21.174347367313356],[-86.90659451998057,21.1833405709506],[-86.89760131634333,21.1833405709506],[-86.89760131634333,21.174347367313356],[-86.90659451998057,21.174347367313356]]]}},{"type":"Feature","properties":{"jobs":344,"pop":0,"pointCount":1,"homeWorkCommuteMedian":-1,"workHomeCommuteMedian":33871},"geometry":{"type":"Polygon","coordinates":[[[-86.89760131634333,20.823612425460762],[-86.89760131634333,20.83260562909801],[-86.88860811270608,20.83260562909801],[-86.88860811270608,20.823612425460762],[-86.89760131634333,20.823612425460762]]]}},{"type":"Feature","properties":{"jobs":260,"pop":0,"pointCount":1,"homeWorkCommuteMedian":-1,"workHomeCommuteMedian":943},"geometry":{"type":"Polygon","coordinates":[[[-86.89760131634333,20.8505920363725],[-86.89760131634333,20.859585240009746],[-86.88860811270608,20.859585240009746],[-86.88860811270608,20.8505920363725],[-86.89760131634333,20.8505920363725]]]}},{"type":"Feature","properties":{"jobs":27,"pop":517,"pointCount":2,"homeWorkCommuteMedian":12378,"workHomeCommuteMedian":36935},"geometry":{"type":"Polygon","coordinates":[[[-86.89760131634333,20.859585240009746],[-86.89760131634333,20.868578443646992],[-86.88860811270608,20.868578443646992],[-86.88860811270608,20.859585240009746],[-86.89760131634333,20.859585240009746]]]}},{"type":"Feature","properties":{"jobs":0,"pop":1711,"pointCount":5,"homeWorkCommuteMedian":8442,"workHomeCommuteMedian":-1},"geometry":{"type":"Polygon","coordinates":[[[-86.89760131634333,20.868578443646992],[-86.89760131634333,20.87757164728424],[-86.88860811270608,20.87757164728424],[-86.88860811270608,20.868578443646992],[-86.89760131634333,20.868578443646992]]]}},{"type":"Feature","properties":{"jobs":346,"pop":1500,"pointCount":6,"homeWorkCommuteMedian":9771,"workHomeCommuteMedian":8607},"geometry":{"type":"Polygon","coordinates":[[[-86.89760131634333,21.111394941852634],[-86.89760131634333,21.12038814548988],[-86.88860811270608,21.12038814548988],[-86.88860811270608,21.111394941852634],[-86.89760131634333,21.111394941852634]]]}},{"type":"Feature","properties":{"jobs":0,"pop":41,"pointCount":1,"homeWorkCommuteMedian":64807,"workHomeCommuteMedian":-1},"geometry":{"type":"Polygon","coordinates":[[[-86.89760131634333,21.12038814548988],[-86.89760131634333,21.129381349127126],[-86.88860811270608,21.129381349127126],[-86.88860811270608,21.12038814548988],[-86.89760131634333,21.12038814548988]]]}},{"type":"Feature","properties":{"jobs":1221,"pop":3021,"pointCount":5,"homeWorkCommuteMedian":9553,"workHomeCommuteMedian":4894},"geometry":{"type":"Polygon","coordinates":[[[-86.89760131634333,21.129381349127126],[-86.89760131634333,21.138374552764372],[-86.88860811270608,21.138374552764372],[-86.88860811270608,21.129381349127126],[-86.89760131634333,21.129381349127126]]]}},{"type":"Feature","properties":{"jobs":4542,"pop":6359,"pointCount":11,"homeWorkCommuteMedian":8821,"workHomeCommuteMedian":6190},"geometry":{"type":"Polygon","coordinates":[[[-86.89760131634333,21.138374552764372],[-86.89760131634333,21.147367756401618],[-86.88860811270608,21.147367756401618],[-86.88860811270608,21.138374552764372],[-86.89760131634333,21.138374552764372]]]}},{"type":"Feature","properties":{"jobs":3999,"pop":5330,"pointCount":7,"homeWorkCommuteMedian":8564,"workHomeCommuteMedian":4103},"geometry":{"type":"Polygon","coordinates":[[[-86.89760131634333,21.147367756401618],[-86.89760131634333,21.156360960038864],[-86.88860811270608,21.156360960038864],[-86.88860811270608,21.147367756401618],[-86.89760131634333,21.147367756401618]]]}},{"type":"Feature","properties":{"jobs":404,"pop":5385,"pointCount":7,"homeWorkCommuteMedian":9401,"workHomeCommuteMedian":3110},"geometry":{"type":"Polygon","coordinates":[[[-86.89760131634333,21.156360960038864],[-86.89760131634333,21.16535416367611],[-86.88860811270608,21.16535416367611],[-86.88860811270608,21.156360960038864],[-86.89760131634333,21.156360960038864]]]}},{"type":"Feature","properties":{"jobs":286,"pop":1517,"pointCount":4,"homeWorkCommuteMedian":9037,"workHomeCommuteMedian":3483},"geometry":{"type":"Polygon","coordinates":[[[-86.89760131634333,21.16535416367611],[-86.89760131634333,21.174347367313356],[-86.88860811270608,21.174347367313356],[-86.88860811270608,21.16535416367611],[-86.89760131634333,21.16535416367611]]]}},{"type":"Feature","properties":{"jobs":133,"pop":2976,"pointCount":5,"homeWorkCommuteMedian":10046,"workHomeCommuteMedian":10354},"geometry":{"type":"Polygon","coordinates":[[[-86.89760131634333,21.174347367313356],[-86.89760131634333,21.1833405709506],[-86.88860811270608,21.1833405709506],[-86.88860811270608,21.174347367313356],[-86.89760131634333,21.174347367313356]]]}},{"type":"Feature","properties":{"jobs":0,"pop":1992,"pointCount":1,"homeWorkCommuteMedian":10859,"workHomeCommuteMedian":-1},"geometry":{"type":"Polygon","coordinates":[[[-86.89760131634333,21.1833405709506],[-86.89760131634333,21.192333774587848],[-86.88860811270608,21.192333774587848],[-86.88860811270608,21.1833405709506],[-86.89760131634333,21.1833405709506]]]}},{"type":"Feature","properties":{"jobs":221,"pop":992,"pointCount":1,"homeWorkCommuteMedian":10683,"workHomeCommuteMedian":3104},"geometry":{"type":"Polygon","coordinates":[[[-86.89760131634333,21.201326978225094],[-86.89760131634333,21.21032018186234],[-86.88860811270608,21.21032018186234],[-86.88860811270608,21.201326978225094],[-86.89760131634333,21.201326978225094]]]}},{"type":"Feature","properties":{"jobs":0,"pop":20,"pointCount":1,"homeWorkCommuteMedian":35135,"workHomeCommuteMedian":-1},"geometry":{"type":"Polygon","coordinates":[[[-86.88860811270608,20.841598832735254],[-86.88860811270608,20.8505920363725],[-86.87961490906883,20.8505920363725],[-86.87961490906883,20.841598832735254],[-86.88860811270608,20.841598832735254]]]}},{"type":"Feature","properties":{"jobs":0,"pop":69,"pointCount":2,"homeWorkCommuteMedian":37794,"workHomeCommuteMedian":-1},"geometry":{"type":"Polygon","coordinates":[[[-86.88860811270608,20.87757164728424],[-86.88860811270608,20.886564850921484],[-86.87961490906883,20.886564850921484],[-86.87961490906883,20.87757164728424],[-86.88860811270608,20.87757164728424]]]}},{"type":"Feature","properties":{"jobs":150,"pop":0,"pointCount":1,"homeWorkCommuteMedian":-1,"workHomeCommuteMedian":42340},"geometry":{"type":"Polygon","coordinates":[[[-86.88860811270608,20.886564850921484],[-86.88860811270608,20.89555805455873],[-86.87961490906883,20.89555805455873],[-86.87961490906883,20.886564850921484],[-86.88860811270608,20.886564850921484]]]}},{"type":"Feature","properties":{"jobs":0,"pop":1,"pointCount":1,"homeWorkCommuteMedian":11290,"workHomeCommuteMedian":-1},"geometry":{"type":"Polygon","coordinates":[[[-86.88860811270608,21.07542212730365],[-86.88860811270608,21.084415330940896],[-86.87961490906883,21.084415330940896],[-86.87961490906883,21.07542212730365],[-86.88860811270608,21.07542212730365]]]}},{"type":"Feature","properties":{"jobs":375,"pop":1989,"pointCount":4,"homeWorkCommuteMedian":9640,"workHomeCommuteMedian":6238},"geometry":{"type":"Polygon","coordinates":[[[-86.88860811270608,21.102401738215388],[-86.88860811270608,21.111394941852634],[-86.87961490906883,21.111394941852634],[-86.87961490906883,21.102401738215388],[-86.88860811270608,21.102401738215388]]]}},{"type":"Feature","properties":{"jobs":2908,"pop":7551,"pointCount":7,"homeWorkCommuteMedian":10558,"workHomeCommuteMedian":7351},"geometry":{"type":"Polygon","coordinates":[[[-86.88860811270608,21.111394941852634],[-86.88860811270608,21.12038814548988],[-86.87961490906883,21.12038814548988],[-86.87961490906883,21.111394941852634],[-86.88860811270608,21.111394941852634]]]}},{"type":"Feature","properties":{"jobs":0,"pop":1123,"pointCount":1,"homeWorkCommuteMedian":8138,"workHomeCommuteMedian":-1},"geometry":{"type":"Polygon","coordinates":[[[-86.88860811270608,21.12038814548988],[-86.88860811270608,21.129381349127126],[-86.87961490906883,21.129381349127126],[-86.87961490906883,21.12038814548988],[-86.88860811270608,21.12038814548988]]]}},{"type":"Feature","properties":{"jobs":286,"pop":3236,"pointCount":4,"homeWorkCommuteMedian":7034,"workHomeCommuteMedian":9805},"geometry":{"type":"Polygon","coordinates":[[[-86.88860811270608,21.129381349127126],[-86.88860811270608,21.138374552764372],[-86.87961490906883,21.138374552764372],[-86.87961490906883,21.129381349127126],[-86.88860811270608,21.129381349127126]]]}},{"type":"Feature","properties":{"jobs":1143,"pop":5053,"pointCount":7,"homeWorkCommuteMedian":7884,"workHomeCommuteMedian":5848},"geometry":{"type":"Polygon","coordinates":[[[-86.88860811270608,21.138374552764372],[-86.88860811270608,21.147367756401618],[-86.87961490906883,21.147367756401618],[-86.87961490906883,21.138374552764372],[-86.88860811270608,21.138374552764372]]]}},{"type":"Feature","properties":{"jobs":2070,"pop":5984,"pointCount":9,"homeWorkCommuteMedian":7086,"workHomeCommuteMedian":5116},"geometry":{"type":"Polygon","coordinates":[[[-86.88860811270608,21.147367756401618],[-86.88860811270608,21.156360960038864],[-86.87961490906883,21.156360960038864],[-86.87961490906883,21.147367756401618],[-86.88860811270608,21.147367756401618]]]}},{"type":"Feature","properties":{"jobs":1246,"pop":6590,"pointCount":12,"homeWorkCommuteMedian":8019,"workHomeCommuteMedian":5286},"geometry":{"type":"Polygon","coordinates":[[[-86.88860811270608,21.156360960038864],[-86.88860811270608,21.16535416367611],[-86.87961490906883,21.16535416367611],[-86.87961490906883,21.156360960038864],[-86.88860811270608,21.156360960038864]]]}},{"type":"Feature","properties":{"jobs":625,"pop":4821,"pointCount":6,"homeWorkCommuteMedian":9204,"workHomeCommuteMedian":6361},"geometry":{"type":"Polygon","coordinates":[[[-86.88860811270608,21.16535416367611],[-86.88860811270608,21.174347367313356],[-86.87961490906883,21.174347367313356],[-86.87961490906883,21.16535416367611],[-86.88860811270608,21.16535416367611]]]}},{"type":"Feature","properties":{"jobs":464,"pop":6305,"pointCount":5,"homeWorkCommuteMedian":7597,"workHomeCommuteMedian":2764},"geometry":{"type":"Polygon","coordinates":[[[-86.88860811270608,21.174347367313356],[-86.88860811270608,21.1833405709506],[-86.87961490906883,21.1833405709506],[-86.87961490906883,21.174347367313356],[-86.88860811270608,21.174347367313356]]]}},{"type":"Feature","properties":{"jobs":155,"pop":2972,"pointCount":4,"homeWorkCommuteMedian":8829,"workHomeCommuteMedian":14120},"geometry":{"type":"Polygon","coordinates":[[[-86.88860811270608,21.1833405709506],[-86.88860811270608,21.192333774587848],[-86.87961490906883,21.192333774587848],[-86.87961490906883,21.1833405709506],[-86.88860811270608,21.1833405709506]]]}},{"type":"Feature","properties":{"jobs":1162,"pop":5925,"pointCount":8,"homeWorkCommuteMedian":9018,"workHomeCommuteMedian":7150},"geometry":{"type":"Polygon","coordinates":[[[-86.88860811270608,21.192333774587848],[-86.88860811270608,21.201326978225094],[-86.87961490906883,21.201326978225094],[-86.87961490906883,21.192333774587848],[-86.88860811270608,21.192333774587848]]]}},{"type":"Feature","properties":{"jobs":1382,"pop":4334,"pointCount":6,"homeWorkCommuteMedian":10719,"workHomeCommuteMedian":7550},"geometry":{"type":"Polygon","coordinates":[[[-86.88860811270608,21.201326978225094],[-86.88860811270608,21.21032018186234],[-86.87961490906883,21.21032018186234],[-86.87961490906883,21.201326978225094],[-86.88860811270608,21.201326978225094]]]}},{"type":"Feature","properties":{"jobs":2470,"pop":193,"pointCount":3,"homeWorkCommuteMedian":35247,"workHomeCommuteMedian":34839},"geometry":{"type":"Polygon","coordinates":[[[-86.87961490906883,20.841598832735254],[-86.87961490906883,20.8505920363725],[-86.87062170543159,20.8505920363725],[-86.87062170543159,20.841598832735254],[-86.87961490906883,20.841598832735254]]]}},{"type":"Feature","properties":{"jobs":192,"pop":31,"pointCount":2,"homeWorkCommuteMedian":31306,"workHomeCommuteMedian":4432},"geometry":{"type":"Polygon","coordinates":[[[-86.87961490906883,20.8505920363725],[-86.87961490906883,20.859585240009746],[-86.87062170543159,20.859585240009746],[-86.87062170543159,20.8505920363725],[-86.87961490906883,20.8505920363725]]]}},{"type":"Feature","properties":{"jobs":259,"pop":0,"pointCount":1,"homeWorkCommuteMedian":-1,"workHomeCommuteMedian":4388},"geometry":{"type":"Polygon","coordinates":[[[-86.87961490906883,20.859585240009746],[-86.87961490906883,20.868578443646992],[-86.87062170543159,20.868578443646992],[-86.87062170543159,20.859585240009746],[-86.87961490906883,20.859585240009746]]]}},{"type":"Feature","properties":{"jobs":258,"pop":0,"pointCount":1,"homeWorkCommuteMedian":-1,"workHomeCommuteMedian":8291},"geometry":{"type":"Polygon","coordinates":[[[-86.87961490906883,20.904551258195976],[-86.87961490906883,20.913544461833222],[-86.87062170543159,20.913544461833222],[-86.87062170543159,20.904551258195976],[-86.87961490906883,20.904551258195976]]]}},{"type":"Feature","properties":{"jobs":522,"pop":0,"pointCount":1,"homeWorkCommuteMedian":-1,"workHomeCommuteMedian":30694},"geometry":{"type":"Polygon","coordinates":[[[-86.87961490906883,20.92253766547047],[-86.87961490906883,20.931530869107714],[-86.87062170543159,20.931530869107714],[-86.87062170543159,20.92253766547047],[-86.87961490906883,20.92253766547047]]]}},{"type":"Feature","properties":{"jobs":264,"pop":0,"pointCount":1,"homeWorkCommuteMedian":-1,"workHomeCommuteMedian":26944},"geometry":{"type":"Polygon","coordinates":[[[-86.87961490906883,20.931530869107714],[-86.87961490906883,20.94052407274496],[-86.87062170543159,20.94052407274496],[-86.87062170543159,20.931530869107714],[-86.87961490906883,20.931530869107714]]]}},{"type":"Feature","properties":{"jobs":6517,"pop":0,"pointCount":1,"homeWorkCommuteMedian":-1,"workHomeCommuteMedian":21931},"geometry":{"type":"Polygon","coordinates":[[[-86.87961490906883,21.039449312754666],[-86.87961490906883,21.048442516391912],[-86.87062170543159,21.048442516391912],[-86.87062170543159,21.039449312754666],[-86.87961490906883,21.039449312754666]]]}},{"type":"Feature","properties":{"jobs":31,"pop":0,"pointCount":1,"homeWorkCommuteMedian":-1,"workHomeCommuteMedian":5070},"geometry":{"type":"Polygon","coordinates":[[[-86.87961490906883,21.093408534578142],[-86.87961490906883,21.102401738215388],[-86.87062170543159,21.102401738215388],[-86.87062170543159,21.093408534578142],[-86.87961490906883,21.093408534578142]]]}},{"type":"Feature","properties":{"jobs":718,"pop":1212,"pointCount":3,"homeWorkCommuteMedian":8316,"workHomeCommuteMedian":8486},"geometry":{"type":"Polygon","coordinates":[[[-86.87961490906883,21.111394941852634],[-86.87961490906883,21.12038814548988],[-86.87062170543159,21.12038814548988],[-86.87062170543159,21.111394941852634],[-86.87961490906883,21.111394941852634]]]}},{"type":"Feature","properties":{"jobs":984,"pop":5277,"pointCount":7,"homeWorkCommuteMedian":10522,"workHomeCommuteMedian":6126},"geometry":{"type":"Polygon","coordinates":[[[-86.87961490906883,21.12038814548988],[-86.87961490906883,21.129381349127126],[-86.87062170543159,21.129381349127126],[-86.87062170543159,21.12038814548988],[-86.87961490906883,21.12038814548988]]]}},{"type":"Feature","properties":{"jobs":1564,"pop":4174,"pointCount":9,"homeWorkCommuteMedian":6624,"workHomeCommuteMedian":8569},"geometry":{"type":"Polygon","coordinates":[[[-86.87961490906883,21.129381349127126],[-86.87961490906883,21.138374552764372],[-86.87062170543159,21.138374552764372],[-86.87062170543159,21.129381349127126],[-86.87961490906883,21.129381349127126]]]}},{"type":"Feature","properties":{"jobs":5754,"pop":5025,"pointCount":9,"homeWorkCommuteMedian":6628,"workHomeCommuteMedian":5921},"geometry":{"type":"Polygon","coordinates":[[[-86.87961490906883,21.138374552764372],[-86.87961490906883,21.147367756401618],[-86.87062170543159,21.147367756401618],[-86.87062170543159,21.138374552764372],[-86.87961490906883,21.138374552764372]]]}},{"type":"Feature","properties":{"jobs":4346,"pop":4994,"pointCount":12,"homeWorkCommuteMedian":6079,"workHomeCommuteMedian":4346},"geometry":{"type":"Polygon","coordinates":[[[-86.87961490906883,21.147367756401618],[-86.87961490906883,21.156360960038864],[-86.87062170543159,21.156360960038864],[-86.87062170543159,21.147367756401618],[-86.87961490906883,21.147367756401618]]]}},{"type":"Feature","properties":{"jobs":1921,"pop":4713,"pointCount":9,"homeWorkCommuteMedian":7768,"workHomeCommuteMedian":5540},"geometry":{"type":"Polygon","coordinates":[[[-86.87961490906883,21.156360960038864],[-86.87961490906883,21.16535416367611],[-86.87062170543159,21.16535416367611],[-86.87062170543159,21.156360960038864],[-86.87961490906883,21.156360960038864]]]}},{"type":"Feature","properties":{"jobs":4520,"pop":6851,"pointCount":9,"homeWorkCommuteMedian":6966,"workHomeCommuteMedian":3550},"geometry":{"type":"Polygon","coordinates":[[[-86.87961490906883,21.16535416367611],[-86.87961490906883,21.174347367313356],[-86.87062170543159,21.174347367313356],[-86.87062170543159,21.16535416367611],[-86.87961490906883,21.16535416367611]]]}},{"type":"Feature","properties":{"jobs":420,"pop":5978,"pointCount":9,"homeWorkCommuteMedian":7142,"workHomeCommuteMedian":6924},"geometry":{"type":"Polygon","coordinates":[[[-86.87961490906883,21.174347367313356],[-86.87961490906883,21.1833405709506],[-86.87062170543159,21.1833405709506],[-86.87062170543159,21.174347367313356],[-86.87961490906883,21.174347367313356]]]}},{"type":"Feature","properties":{"jobs":1376,"pop":7955,"pointCount":10,"homeWorkCommuteMedian":7358,"workHomeCommuteMedian":5211},"geometry":{"type":"Polygon","coordinates":[[[-86.87961490906883,21.1833405709506],[-86.87961490906883,21.192333774587848],[-86.87062170543159,21.192333774587848],[-86.87062170543159,21.1833405709506],[-86.87961490906883,21.1833405709506]]]}},{"type":"Feature","properties":{"jobs":4274,"pop":3953,"pointCount":6,"homeWorkCommuteMedian":8042,"workHomeCommuteMedian":8685},"geometry":{"type":"Polygon","coordinates":[[[-86.87961490906883,21.192333774587848],[-86.87961490906883,21.201326978225094],[-86.87062170543159,21.201326978225094],[-86.87062170543159,21.192333774587848],[-86.87961490906883,21.192333774587848]]]}},{"type":"Feature","properties":{"jobs":234,"pop":3495,"pointCount":5,"homeWorkCommuteMedian":12021,"workHomeCommuteMedian":4299},"geometry":{"type":"Polygon","coordinates":[[[-86.87961490906883,21.201326978225094],[-86.87961490906883,21.21032018186234],[-86.87062170543159,21.21032018186234],[-86.87062170543159,21.201326978225094],[-86.87961490906883,21.201326978225094]]]}},{"type":"Feature","properties":{"jobs":205,"pop":0,"pointCount":2,"homeWorkCommuteMedian":-1,"workHomeCommuteMedian":14000},"geometry":{"type":"Polygon","coordinates":[[[-86.87062170543159,20.436904669059185],[-86.87062170543159,20.44589787269643],[-86.86162850179434,20.44589787269643],[-86.86162850179434,20.436904669059185],[-86.87062170543159,20.436904669059185]]]}},{"type":"Feature","properties":{"jobs":1013,"pop":101,"pointCount":3,"homeWorkCommuteMedian":35658,"workHomeCommuteMedian":32252},"geometry":{"type":"Polygon","coordinates":[[[-86.87062170543159,20.868578443646992],[-86.87062170543159,20.87757164728424],[-86.86162850179434,20.87757164728424],[-86.86162850179434,20.868578443646992],[-86.87062170543159,20.868578443646992]]]}},{"type":"Feature","properties":{"jobs":987,"pop":0,"pointCount":2,"homeWorkCommuteMedian":-1,"workHomeCommuteMedian":8442},"geometry":{"type":"Polygon","coordinates":[[[-86.87062170543159,20.87757164728424],[-86.87062170543159,20.886564850921484],[-86.86162850179434,20.886564850921484],[-86.86162850179434,20.87757164728424],[-86.87062170543159,20.87757164728424]]]}},{"type":"Feature","properties":{"jobs":73,"pop":0,"pointCount":1,"homeWorkCommuteMedian":-1,"workHomeCommuteMedian":13648},"geometry":{"type":"Polygon","coordinates":[[[-86.87062170543159,20.949517276382206],[-86.87062170543159,20.958510480019452],[-86.86162850179434,20.958510480019452],[-86.86162850179434,20.949517276382206],[-86.87062170543159,20.949517276382206]]]}},{"type":"Feature","properties":{"jobs":395,"pop":0,"pointCount":1,"homeWorkCommuteMedian":-1,"workHomeCommuteMedian":18974},"geometry":{"type":"Polygon","coordinates":[[[-86.87062170543159,20.976496887293944],[-86.87062170543159,20.98549009093119],[-86.86162850179434,20.98549009093119],[-86.86162850179434,20.976496887293944],[-86.87062170543159,20.976496887293944]]]}},{"type":"Feature","properties":{"jobs":2694,"pop":0,"pointCount":1,"homeWorkCommuteMedian":-1,"workHomeCommuteMedian":18990},"geometry":{"type":"Polygon","coordinates":[[[-86.87062170543159,21.048442516391912],[-86.87062170543159,21.057435720029158],[-86.86162850179434,21.057435720029158],[-86.86162850179434,21.048442516391912],[-86.87062170543159,21.048442516391912]]]}},{"type":"Feature","properties":{"jobs":111,"pop":752,"pointCount":3,"homeWorkCommuteMedian":11102,"workHomeCommuteMedian":7552},"geometry":{"type":"Polygon","coordinates":[[[-86.87062170543159,21.084415330940896],[-86.87062170543159,21.093408534578142],[-86.86162850179434,21.093408534578142],[-86.86162850179434,21.084415330940896],[-86.87062170543159,21.084415330940896]]]}},{"type":"Feature","properties":{"jobs":582,"pop":1828,"pointCount":3,"homeWorkCommuteMedian":9853,"workHomeCommuteMedian":13383},"geometry":{"type":"Polygon","coordinates":[[[-86.87062170543159,21.093408534578142],[-86.87062170543159,21.102401738215388],[-86.86162850179434,21.102401738215388],[-86.86162850179434,21.093408534578142],[-86.87062170543159,21.093408534578142]]]}},{"type":"Feature","properties":{"jobs":0,"pop":614,"pointCount":1,"homeWorkCommuteMedian":7957,"workHomeCommuteMedian":-1},"geometry":{"type":"Polygon","coordinates":[[[-86.87062170543159,21.102401738215388],[-86.87062170543159,21.111394941852634],[-86.86162850179434,21.111394941852634],[-86.86162850179434,21.102401738215388],[-86.87062170543159,21.102401738215388]]]}},{"type":"Feature","properties":{"jobs":0,"pop":1338,"pointCount":1,"homeWorkCommuteMedian":7746,"workHomeCommuteMedian":-1},"geometry":{"type":"Polygon","coordinates":[[[-86.87062170543159,21.111394941852634],[-86.87062170543159,21.12038814548988],[-86.86162850179434,21.12038814548988],[-86.86162850179434,21.111394941852634],[-86.87062170543159,21.111394941852634]]]}},{"type":"Feature","properties":{"jobs":0,"pop":1005,"pointCount":1,"homeWorkCommuteMedian":8538,"workHomeCommuteMedian":-1},"geometry":{"type":"Polygon","coordinates":[[[-86.87062170543159,21.12038814548988],[-86.87062170543159,21.129381349127126],[-86.86162850179434,21.129381349127126],[-86.86162850179434,21.12038814548988],[-86.87062170543159,21.12038814548988]]]}},{"type":"Feature","properties":{"jobs":1395,"pop":3915,"pointCount":6,"homeWorkCommuteMedian":6468,"workHomeCommuteMedian":6002},"geometry":{"type":"Polygon","coordinates":[[[-86.87062170543159,21.129381349127126],[-86.87062170543159,21.138374552764372],[-86.86162850179434,21.138374552764372],[-86.86162850179434,21.129381349127126],[-86.87062170543159,21.129381349127126]]]}},{"type":"Feature","properties":{"jobs":3974,"pop":6585,"pointCount":7,"homeWorkCommuteMedian":5897,"workHomeCommuteMedian":5869},"geometry":{"type":"Polygon","coordinates":[[[-86.87062170543159,21.138374552764372],[-86.87062170543159,21.147367756401618],[-86.86162850179434,21.147367756401618],[-86.86162850179434,21.138374552764372],[-86.87062170543159,21.138374552764372]]]}},{"type":"Feature","properties":{"jobs":3786,"pop":3009,"pointCount":9,"homeWorkCommuteMedian":6858,"workHomeCommuteMedian":7497},"geometry":{"type":"Polygon","coordinates":[[[-86.87062170543159,21.147367756401618],[-86.87062170543159,21.156360960038864],[-86.86162850179434,21.156360960038864],[-86.86162850179434,21.147367756401618],[-86.87062170543159,21.147367756401618]]]}},{"type":"Feature","properties":{"jobs":4328,"pop":6500,"pointCount":12,"homeWorkCommuteMedian":5505,"workHomeCommuteMedian":4662},"geometry":{"type":"Polygon","coordinates":[[[-86.87062170543159,21.156360960038864],[-86.87062170543159,21.16535416367611],[-86.86162850179434,21.16535416367611],[-86.86162850179434,21.156360960038864],[-86.87062170543159,21.156360960038864]]]}},{"type":"Feature","properties":{"jobs":4590,"pop":7892,"pointCount":15,"homeWorkCommuteMedian":5104,"workHomeCommuteMedian":5206},"geometry":{"type":"Polygon","coordinates":[[[-86.87062170543159,21.16535416367611],[-86.87062170543159,21.174347367313356],[-86.86162850179434,21.174347367313356],[-86.86162850179434,21.16535416367611],[-86.87062170543159,21.16535416367611]]]}},{"type":"Feature","properties":{"jobs":1246,"pop":6547,"pointCount":11,"homeWorkCommuteMedian":6656,"workHomeCommuteMedian":3814},"geometry":{"type":"Polygon","coordinates":[[[-86.87062170543159,21.174347367313356],[-86.87062170543159,21.1833405709506],[-86.86162850179434,21.1833405709506],[-86.86162850179434,21.174347367313356],[-86.87062170543159,21.174347367313356]]]}},{"type":"Feature","properties":{"jobs":2290,"pop":5835,"pointCount":9,"homeWorkCommuteMedian":8486,"workHomeCommuteMedian":6445},"geometry":{"type":"Polygon","coordinates":[[[-86.87062170543159,21.1833405709506],[-86.87062170543159,21.192333774587848],[-86.86162850179434,21.192333774587848],[-86.86162850179434,21.1833405709506],[-86.87062170543159,21.1833405709506]]]}},{"type":"Feature","properties":{"jobs":539,"pop":4730,"pointCount":4,"homeWorkCommuteMedian":7686,"workHomeCommuteMedian":5294},"geometry":{"type":"Polygon","coordinates":[[[-86.87062170543159,21.192333774587848],[-86.87062170543159,21.201326978225094],[-86.86162850179434,21.201326978225094],[-86.86162850179434,21.192333774587848],[-86.87062170543159,21.192333774587848]]]}},{"type":"Feature","properties":{"jobs":222,"pop":118,"pointCount":1,"homeWorkCommuteMedian":9001,"workHomeCommuteMedian":12923},"geometry":{"type":"Polygon","coordinates":[[[-86.87062170543159,21.201326978225094],[-86.87062170543159,21.21032018186234],[-86.86162850179434,21.21032018186234],[-86.86162850179434,21.201326978225094],[-86.87062170543159,21.201326978225094]]]}},{"type":"Feature","properties":{"jobs":0,"pop":185,"pointCount":2,"homeWorkCommuteMedian":12860,"workHomeCommuteMedian":-1},"geometry":{"type":"Polygon","coordinates":[[[-86.87062170543159,21.22830658913683],[-86.87062170543159,21.237299792774078],[-86.86162850179434,21.237299792774078],[-86.86162850179434,21.22830658913683],[-86.87062170543159,21.22830658913683]]]}},{"type":"Feature","properties":{"jobs":43,"pop":0,"pointCount":1,"homeWorkCommuteMedian":-1,"workHomeCommuteMedian":35888},"geometry":{"type":"Polygon","coordinates":[[[-86.86162850179434,20.886564850921484],[-86.86162850179434,20.89555805455873],[-86.8526352981571,20.89555805455873],[-86.8526352981571,20.886564850921484],[-86.86162850179434,20.886564850921484]]]}},{"type":"Feature","properties":{"jobs":733,"pop":0,"pointCount":1,"homeWorkCommuteMedian":-1,"workHomeCommuteMedian":25671},"geometry":{"type":"Polygon","coordinates":[[[-86.86162850179434,20.994483294568436],[-86.86162850179434,21.003476498205682],[-86.8526352981571,21.003476498205682],[-86.8526352981571,20.994483294568436],[-86.86162850179434,20.994483294568436]]]}},{"type":"Feature","properties":{"jobs":167,"pop":0,"pointCount":1,"homeWorkCommuteMedian":-1,"workHomeCommuteMedian":22214},"geometry":{"type":"Polygon","coordinates":[[[-86.86162850179434,21.012469701842928],[-86.86162850179434,21.021462905480174],[-86.8526352981571,21.021462905480174],[-86.8526352981571,21.012469701842928],[-86.86162850179434,21.012469701842928]]]}},{"type":"Feature","properties":{"jobs":391,"pop":0,"pointCount":1,"homeWorkCommuteMedian":-1,"workHomeCommuteMedian":13750},"geometry":{"type":"Polygon","coordinates":[[[-86.86162850179434,21.021462905480174],[-86.86162850179434,21.03045610911742],[-86.8526352981571,21.03045610911742],[-86.8526352981571,21.021462905480174],[-86.86162850179434,21.021462905480174]]]}},{"type":"Feature","properties":{"jobs":4697,"pop":0,"pointCount":2,"homeWorkCommuteMedian":-1,"workHomeCommuteMedian":18451},"geometry":{"type":"Polygon","coordinates":[[[-86.86162850179434,21.039449312754666],[-86.86162850179434,21.048442516391912],[-86.8526352981571,21.048442516391912],[-86.8526352981571,21.039449312754666],[-86.86162850179434,21.039449312754666]]]}},{"type":"Feature","properties":{"jobs":1558,"pop":0,"pointCount":2,"homeWorkCommuteMedian":-1,"workHomeCommuteMedian":19523},"geometry":{"type":"Polygon","coordinates":[[[-86.86162850179434,21.048442516391912],[-86.86162850179434,21.057435720029158],[-86.8526352981571,21.057435720029158],[-86.8526352981571,21.048442516391912],[-86.86162850179434,21.048442516391912]]]}},{"type":"Feature","properties":{"jobs":302,"pop":1001,"pointCount":3,"homeWorkCommuteMedian":11142,"workHomeCommuteMedian":14086},"geometry":{"type":"Polygon","coordinates":[[[-86.86162850179434,21.07542212730365],[-86.86162850179434,21.084415330940896],[-86.8526352981571,21.084415330940896],[-86.8526352981571,21.07542212730365],[-86.86162850179434,21.07542212730365]]]}},{"type":"Feature","properties":{"jobs":594,"pop":2077,"pointCount":6,"homeWorkCommuteMedian":14938,"workHomeCommuteMedian":6345},"geometry":{"type":"Polygon","coordinates":[[[-86.86162850179434,21.084415330940896],[-86.86162850179434,21.093408534578142],[-86.8526352981571,21.093408534578142],[-86.8526352981571,21.084415330940896],[-86.86162850179434,21.084415330940896]]]}},{"type":"Feature","properties":{"jobs":0,"pop":385,"pointCount":5,"homeWorkCommuteMedian":11573,"workHomeCommuteMedian":-1},"geometry":{"type":"Polygon","coordinates":[[[-86.86162850179434,21.093408534578142],[-86.86162850179434,21.102401738215388],[-86.8526352981571,21.102401738215388],[-86.8526352981571,21.093408534578142],[-86.86162850179434,21.093408534578142]]]}},{"type":"Feature","properties":{"jobs":374,"pop":268,"pointCount":3,"homeWorkCommuteMedian":2196,"workHomeCommuteMedian":35216},"geometry":{"type":"Polygon","coordinates":[[[-86.86162850179434,21.102401738215388],[-86.86162850179434,21.111394941852634],[-86.8526352981571,21.111394941852634],[-86.8526352981571,21.102401738215388],[-86.86162850179434,21.102401738215388]]]}},{"type":"Feature","properties":{"jobs":218,"pop":3,"pointCount":2,"homeWorkCommuteMedian":41299,"workHomeCommuteMedian":10221},"geometry":{"type":"Polygon","coordinates":[[[-86.86162850179434,21.111394941852634],[-86.86162850179434,21.12038814548988],[-86.8526352981571,21.12038814548988],[-86.8526352981571,21.111394941852634],[-86.86162850179434,21.111394941852634]]]}},{"type":"Feature","properties":{"jobs":1553,"pop":133,"pointCount":4,"homeWorkCommuteMedian":12277,"workHomeCommuteMedian":4455},"geometry":{"type":"Polygon","coordinates":[[[-86.86162850179434,21.12038814548988],[-86.86162850179434,21.129381349127126],[-86.8526352981571,21.129381349127126],[-86.8526352981571,21.12038814548988],[-86.86162850179434,21.12038814548988]]]}},{"type":"Feature","properties":{"jobs":3096,"pop":3373,"pointCount":10,"homeWorkCommuteMedian":8139,"workHomeCommuteMedian":7623},"geometry":{"type":"Polygon","coordinates":[[[-86.86162850179434,21.129381349127126],[-86.86162850179434,21.138374552764372],[-86.8526352981571,21.138374552764372],[-86.8526352981571,21.129381349127126],[-86.86162850179434,21.129381349127126]]]}},{"type":"Feature","properties":{"jobs":4880,"pop":4325,"pointCount":10,"homeWorkCommuteMedian":6191,"workHomeCommuteMedian":6658},"geometry":{"type":"Polygon","coordinates":[[[-86.86162850179434,21.138374552764372],[-86.86162850179434,21.147367756401618],[-86.8526352981571,21.147367756401618],[-86.8526352981571,21.138374552764372],[-86.86162850179434,21.138374552764372]]]}},{"type":"Feature","properties":{"jobs":7762,"pop":1814,"pointCount":10,"homeWorkCommuteMedian":6126,"workHomeCommuteMedian":6693},"geometry":{"type":"Polygon","coordinates":[[[-86.86162850179434,21.147367756401618],[-86.86162850179434,21.156360960038864],[-86.8526352981571,21.156360960038864],[-86.8526352981571,21.147367756401618],[-86.86162850179434,21.147367756401618]]]}},{"type":"Feature","properties":{"jobs":5464,"pop":3857,"pointCount":9,"homeWorkCommuteMedian":5840,"workHomeCommuteMedian":5320},"geometry":{"type":"Polygon","coordinates":[[[-86.86162850179434,21.156360960038864],[-86.86162850179434,21.16535416367611],[-86.8526352981571,21.16535416367611],[-86.8526352981571,21.156360960038864],[-86.86162850179434,21.156360960038864]]]}},{"type":"Feature","properties":{"jobs":8987,"pop":5881,"pointCount":13,"homeWorkCommuteMedian":6253,"workHomeCommuteMedian":4720},"geometry":{"type":"Polygon","coordinates":[[[-86.86162850179434,21.16535416367611],[-86.86162850179434,21.174347367313356],[-86.8526352981571,21.174347367313356],[-86.8526352981571,21.16535416367611],[-86.86162850179434,21.16535416367611]]]}},{"type":"Feature","properties":{"jobs":2248,"pop":4883,"pointCount":8,"homeWorkCommuteMedian":6076,"workHomeCommuteMedian":4205},"geometry":{"type":"Polygon","coordinates":[[[-86.86162850179434,21.174347367313356],[-86.86162850179434,21.1833405709506],[-86.8526352981571,21.1833405709506],[-86.8526352981571,21.174347367313356],[-86.86162850179434,21.174347367313356]]]}},{"type":"Feature","properties":{"jobs":907,"pop":2721,"pointCount":7,"homeWorkCommuteMedian":7675,"workHomeCommuteMedian":6971},"geometry":{"type":"Polygon","coordinates":[[[-86.86162850179434,21.1833405709506],[-86.86162850179434,21.192333774587848],[-86.8526352981571,21.192333774587848],[-86.8526352981571,21.1833405709506],[-86.86162850179434,21.1833405709506]]]}},{"type":"Feature","properties":{"jobs":1896,"pop":5973,"pointCount":9,"homeWorkCommuteMedian":11629,"workHomeCommuteMedian":8244},"geometry":{"type":"Polygon","coordinates":[[[-86.86162850179434,21.192333774587848],[-86.86162850179434,21.201326978225094],[-86.8526352981571,21.201326978225094],[-86.8526352981571,21.192333774587848],[-86.86162850179434,21.192333774587848]]]}},{"type":"Feature","properties":{"jobs":289,"pop":573,"pointCount":2,"homeWorkCommuteMedian":16136,"workHomeCommuteMedian":4055},"geometry":{"type":"Polygon","coordinates":[[[-86.86162850179434,21.201326978225094],[-86.86162850179434,21.21032018186234],[-86.8526352981571,21.21032018186234],[-86.8526352981571,21.201326978225094],[-86.86162850179434,21.201326978225094]]]}},{"type":"Feature","properties":{"jobs":643,"pop":561,"pointCount":4,"homeWorkCommuteMedian":11716,"workHomeCommuteMedian":13352},"geometry":{"type":"Polygon","coordinates":[[[-86.86162850179434,21.219313385499586],[-86.86162850179434,21.22830658913683],[-86.8526352981571,21.22830658913683],[-86.8526352981571,21.219313385499586],[-86.86162850179434,21.219313385499586]]]}},{"type":"Feature","properties":{"jobs":269,"pop":385,"pointCount":3,"homeWorkCommuteMedian":20995,"workHomeCommuteMedian":16023},"geometry":{"type":"Polygon","coordinates":[[[-86.86162850179434,21.22830658913683],[-86.86162850179434,21.237299792774078],[-86.8526352981571,21.237299792774078],[-86.8526352981571,21.22830658913683],[-86.86162850179434,21.22830658913683]]]}},{"type":"Feature","properties":{"jobs":120,"pop":0,"pointCount":1,"homeWorkCommuteMedian":-1,"workHomeCommuteMedian":15627},"geometry":{"type":"Polygon","coordinates":[[[-86.8526352981571,20.49086389088266],[-86.8526352981571,20.499857094519907],[-86.84364209451985,20.499857094519907],[-86.84364209451985,20.49086389088266],[-86.8526352981571,20.49086389088266]]]}},{"type":"Feature","properties":{"jobs":711,"pop":0,"pointCount":1,"homeWorkCommuteMedian":-1,"workHomeCommuteMedian":38915},"geometry":{"type":"Polygon","coordinates":[[[-86.8526352981571,20.89555805455873],[-86.8526352981571,20.904551258195976],[-86.84364209451985,20.904551258195976],[-86.84364209451985,20.89555805455873],[-86.8526352981571,20.89555805455873]]]}},{"type":"Feature","properties":{"jobs":2041,"pop":0,"pointCount":2,"homeWorkCommuteMedian":-1,"workHomeCommuteMedian":23492},"geometry":{"type":"Polygon","coordinates":[[[-86.8526352981571,20.904551258195976],[-86.8526352981571,20.913544461833222],[-86.84364209451985,20.913544461833222],[-86.84364209451985,20.904551258195976],[-86.8526352981571,20.904551258195976]]]}},{"type":"Feature","properties":{"jobs":270,"pop":0,"pointCount":1,"homeWorkCommuteMedian":-1,"workHomeCommuteMedian":22834},"geometry":{"type":"Polygon","coordinates":[[[-86.8526352981571,21.03045610911742],[-86.8526352981571,21.039449312754666],[-86.84364209451985,21.039449312754666],[-86.84364209451985,21.03045610911742],[-86.8526352981571,21.03045610911742]]]}},{"type":"Feature","properties":{"jobs":5601,"pop":0,"pointCount":3,"homeWorkCommuteMedian":-1,"workHomeCommuteMedian":20232},"geometry":{"type":"Polygon","coordinates":[[[-86.8526352981571,21.039449312754666],[-86.8526352981571,21.048442516391912],[-86.84364209451985,21.048442516391912],[-86.84364209451985,21.039449312754666],[-86.8526352981571,21.039449312754666]]]}},{"type":"Feature","properties":{"jobs":6054,"pop":0,"pointCount":4,"homeWorkCommuteMedian":-1,"workHomeCommuteMedian":19590},"geometry":{"type":"Polygon","coordinates":[[[-86.8526352981571,21.048442516391912],[-86.8526352981571,21.057435720029158],[-86.84364209451985,21.057435720029158],[-86.84364209451985,21.048442516391912],[-86.8526352981571,21.048442516391912]]]}},{"type":"Feature","properties":{"jobs":3988,"pop":23,"pointCount":3,"homeWorkCommuteMedian":18016,"workHomeCommuteMedian":17046},"geometry":{"type":"Polygon","coordinates":[[[-86.8526352981571,21.057435720029158],[-86.8526352981571,21.066428923666404],[-86.84364209451985,21.066428923666404],[-86.84364209451985,21.057435720029158],[-86.8526352981571,21.057435720029158]]]}},{"type":"Feature","properties":{"jobs":1005,"pop":237,"pointCount":4,"homeWorkCommuteMedian":14071,"workHomeCommuteMedian":14917},"geometry":{"type":"Polygon","coordinates":[[[-86.8526352981571,21.066428923666404],[-86.8526352981571,21.07542212730365],[-86.84364209451985,21.07542212730365],[-86.84364209451985,21.066428923666404],[-86.8526352981571,21.066428923666404]]]}},{"type":"Feature","properties":{"jobs":2945,"pop":898,"pointCount":5,"homeWorkCommuteMedian":14509,"workHomeCommuteMedian":14757},"geometry":{"type":"Polygon","coordinates":[[[-86.8526352981571,21.07542212730365],[-86.8526352981571,21.084415330940896],[-86.84364209451985,21.084415330940896],[-86.84364209451985,21.07542212730365],[-86.8526352981571,21.07542212730365]]]}},{"type":"Feature","properties":{"jobs":2066,"pop":4702,"pointCount":8,"homeWorkCommuteMedian":11175,"workHomeCommuteMedian":8571},"geometry":{"type":"Polygon","coordinates":[[[-86.8526352981571,21.084415330940896],[-86.8526352981571,21.093408534578142],[-86.84364209451985,21.093408534578142],[-86.84364209451985,21.084415330940896],[-86.8526352981571,21.084415330940896]]]}},{"type":"Feature","properties":{"jobs":1004,"pop":162,"pointCount":4,"homeWorkCommuteMedian":9254,"workHomeCommuteMedian":11059},"geometry":{"type":"Polygon","coordinates":[[[-86.8526352981571,21.093408534578142],[-86.8526352981571,21.102401738215388],[-86.84364209451985,21.102401738215388],[-86.84364209451985,21.093408534578142],[-86.8526352981571,21.093408534578142]]]}},{"type":"Feature","properties":{"jobs":2349,"pop":545,"pointCount":3,"homeWorkCommuteMedian":9523,"workHomeCommuteMedian":10669},"geometry":{"type":"Polygon","coordinates":[[[-86.8526352981571,21.102401738215388],[-86.8526352981571,21.111394941852634],[-86.84364209451985,21.111394941852634],[-86.84364209451985,21.102401738215388],[-86.8526352981571,21.102401738215388]]]}},{"type":"Feature","properties":{"jobs":1882,"pop":1635,"pointCount":7,"homeWorkCommuteMedian":12250,"workHomeCommuteMedian":12942},"geometry":{"type":"Polygon","coordinates":[[[-86.8526352981571,21.111394941852634],[-86.8526352981571,21.12038814548988],[-86.84364209451985,21.12038814548988],[-86.84364209451985,21.111394941852634],[-86.8526352981571,21.111394941852634]]]}},{"type":"Feature","properties":{"jobs":1127,"pop":365,"pointCount":4,"homeWorkCommuteMedian":10885,"workHomeCommuteMedian":9905},"geometry":{"type":"Polygon","coordinates":[[[-86.8526352981571,21.12038814548988],[-86.8526352981571,21.129381349127126],[-86.84364209451985,21.129381349127126],[-86.84364209451985,21.12038814548988],[-86.8526352981571,21.12038814548988]]]}},{"type":"Feature","properties":{"jobs":3662,"pop":3044,"pointCount":9,"homeWorkCommuteMedian":8468,"workHomeCommuteMedian":7578},"geometry":{"type":"Polygon","coordinates":[[[-86.8526352981571,21.129381349127126],[-86.8526352981571,21.138374552764372],[-86.84364209451985,21.138374552764372],[-86.84364209451985,21.129381349127126],[-86.8526352981571,21.129381349127126]]]}},{"type":"Feature","properties":{"jobs":3913,"pop":6899,"pointCount":10,"homeWorkCommuteMedian":7350,"workHomeCommuteMedian":7718},"geometry":{"type":"Polygon","coordinates":[[[-86.8526352981571,21.138374552764372],[-86.8526352981571,21.147367756401618],[-86.84364209451985,21.147367756401618],[-86.84364209451985,21.138374552764372],[-86.8526352981571,21.138374552764372]]]}},{"type":"Feature","properties":{"jobs":3706,"pop":5359,"pointCount":7,"homeWorkCommuteMedian":5390,"workHomeCommuteMedian":5855},"geometry":{"type":"Polygon","coordinates":[[[-86.8526352981571,21.147367756401618],[-86.8526352981571,21.156360960038864],[-86.84364209451985,21.156360960038864],[-86.84364209451985,21.147367756401618],[-86.8526352981571,21.147367756401618]]]}},{"type":"Feature","properties":{"jobs":8680,"pop":2910,"pointCount":10,"homeWorkCommuteMedian":3688,"workHomeCommuteMedian":5946},"geometry":{"type":"Polygon","coordinates":[[[-86.8526352981571,21.156360960038864],[-86.8526352981571,21.16535416367611],[-86.84364209451985,21.16535416367611],[-86.84364209451985,21.156360960038864],[-86.8526352981571,21.156360960038864]]]}},{"type":"Feature","properties":{"jobs":3936,"pop":7975,"pointCount":11,"homeWorkCommuteMedian":5657,"workHomeCommuteMedian":4478},"geometry":{"type":"Polygon","coordinates":[[[-86.8526352981571,21.16535416367611],[-86.8526352981571,21.174347367313356],[-86.84364209451985,21.174347367313356],[-86.84364209451985,21.16535416367611],[-86.8526352981571,21.16535416367611]]]}},{"type":"Feature","properties":{"jobs":4767,"pop":6032,"pointCount":11,"homeWorkCommuteMedian":6252,"workHomeCommuteMedian":6714},"geometry":{"type":"Polygon","coordinates":[[[-86.8526352981571,21.174347367313356],[-86.8526352981571,21.1833405709506],[-86.84364209451985,21.1833405709506],[-86.84364209451985,21.174347367313356],[-86.8526352981571,21.174347367313356]]]}},{"type":"Feature","properties":{"jobs":2408,"pop":4135,"pointCount":8,"homeWorkCommuteMedian":9676,"workHomeCommuteMedian":6345},"geometry":{"type":"Polygon","coordinates":[[[-86.8526352981571,21.1833405709506],[-86.8526352981571,21.192333774587848],[-86.84364209451985,21.192333774587848],[-86.84364209451985,21.1833405709506],[-86.8526352981571,21.1833405709506]]]}},{"type":"Feature","properties":{"jobs":1169,"pop":4846,"pointCount":8,"homeWorkCommuteMedian":6102,"workHomeCommuteMedian":10522},"geometry":{"type":"Polygon","coordinates":[[[-86.8526352981571,21.192333774587848],[-86.8526352981571,21.201326978225094],[-86.84364209451985,21.201326978225094],[-86.84364209451985,21.192333774587848],[-86.8526352981571,21.192333774587848]]]}},{"type":"Feature","properties":{"jobs":780,"pop":1411,"pointCount":4,"homeWorkCommuteMedian":8254,"workHomeCommuteMedian":3616},"geometry":{"type":"Polygon","coordinates":[[[-86.8526352981571,21.201326978225094],[-86.8526352981571,21.21032018186234],[-86.84364209451985,21.21032018186234],[-86.84364209451985,21.201326978225094],[-86.8526352981571,21.201326978225094]]]}},{"type":"Feature","properties":{"jobs":213,"pop":1009,"pointCount":2,"homeWorkCommuteMedian":12712,"workHomeCommuteMedian":3169},"geometry":{"type":"Polygon","coordinates":[[[-86.8526352981571,21.21032018186234],[-86.8526352981571,21.219313385499586],[-86.84364209451985,21.219313385499586],[-86.84364209451985,21.21032018186234],[-86.8526352981571,21.21032018186234]]]}},{"type":"Feature","properties":{"jobs":1842,"pop":715,"pointCount":3,"homeWorkCommuteMedian":12560,"workHomeCommuteMedian":7432},"geometry":{"type":"Polygon","coordinates":[[[-86.8526352981571,21.219313385499586],[-86.8526352981571,21.22830658913683],[-86.84364209451985,21.22830658913683],[-86.84364209451985,21.219313385499586],[-86.8526352981571,21.219313385499586]]]}},{"type":"Feature","properties":{"jobs":1357,"pop":469,"pointCount":3,"homeWorkCommuteMedian":11828,"workHomeCommuteMedian":11682},"geometry":{"type":"Polygon","coordinates":[[[-86.84364209451985,21.084415330940896],[-86.84364209451985,21.093408534578142],[-86.8346488908826,21.093408534578142],[-86.8346488908826,21.084415330940896],[-86.84364209451985,21.084415330940896]]]}},{"type":"Feature","properties":{"jobs":1012,"pop":332,"pointCount":2,"homeWorkCommuteMedian":15498,"workHomeCommuteMedian":13050},"geometry":{"type":"Polygon","coordinates":[[[-86.84364209451985,21.093408534578142],[-86.84364209451985,21.102401738215388],[-86.8346488908826,21.102401738215388],[-86.8346488908826,21.093408534578142],[-86.84364209451985,21.093408534578142]]]}},{"type":"Feature","properties":{"jobs":2242,"pop":233,"pointCount":4,"homeWorkCommuteMedian":9470,"workHomeCommuteMedian":11300},"geometry":{"type":"Polygon","coordinates":[[[-86.84364209451985,21.102401738215388],[-86.84364209451985,21.111394941852634],[-86.8346488908826,21.111394941852634],[-86.8346488908826,21.102401738215388],[-86.84364209451985,21.102401738215388]]]}},{"type":"Feature","properties":{"jobs":4894,"pop":279,"pointCount":8,"homeWorkCommuteMedian":15268,"workHomeCommuteMedian":9784},"geometry":{"type":"Polygon","coordinates":[[[-86.84364209451985,21.111394941852634],[-86.84364209451985,21.12038814548988],[-86.8346488908826,21.12038814548988],[-86.8346488908826,21.111394941852634],[-86.84364209451985,21.111394941852634]]]}},{"type":"Feature","properties":{"jobs":2260,"pop":1115,"pointCount":7,"homeWorkCommuteMedian":7490,"workHomeCommuteMedian":10336},"geometry":{"type":"Polygon","coordinates":[[[-86.84364209451985,21.12038814548988],[-86.84364209451985,21.129381349127126],[-86.8346488908826,21.129381349127126],[-86.8346488908826,21.12038814548988],[-86.84364209451985,21.12038814548988]]]}},{"type":"Feature","properties":{"jobs":2113,"pop":4022,"pointCount":6,"homeWorkCommuteMedian":6738,"workHomeCommuteMedian":7820},"geometry":{"type":"Polygon","coordinates":[[[-86.84364209451985,21.129381349127126],[-86.84364209451985,21.138374552764372],[-86.8346488908826,21.138374552764372],[-86.8346488908826,21.129381349127126],[-86.84364209451985,21.129381349127126]]]}},{"type":"Feature","properties":{"jobs":5175,"pop":1440,"pointCount":5,"homeWorkCommuteMedian":4106,"workHomeCommuteMedian":7808},"geometry":{"type":"Polygon","coordinates":[[[-86.84364209451985,21.138374552764372],[-86.84364209451985,21.147367756401618],[-86.8346488908826,21.147367756401618],[-86.8346488908826,21.138374552764372],[-86.84364209451985,21.138374552764372]]]}},{"type":"Feature","properties":{"jobs":13318,"pop":1955,"pointCount":12,"homeWorkCommuteMedian":8711,"workHomeCommuteMedian":6614},"geometry":{"type":"Polygon","coordinates":[[[-86.84364209451985,21.147367756401618],[-86.84364209451985,21.156360960038864],[-86.8346488908826,21.156360960038864],[-86.8346488908826,21.147367756401618],[-86.84364209451985,21.147367756401618]]]}},{"type":"Feature","properties":{"jobs":4359,"pop":2705,"pointCount":9,"homeWorkCommuteMedian":4826,"workHomeCommuteMedian":5344},"geometry":{"type":"Polygon","coordinates":[[[-86.84364209451985,21.156360960038864],[-86.84364209451985,21.16535416367611],[-86.8346488908826,21.16535416367611],[-86.8346488908826,21.156360960038864],[-86.84364209451985,21.156360960038864]]]}},{"type":"Feature","properties":{"jobs":6459,"pop":3764,"pointCount":10,"homeWorkCommuteMedian":4722,"workHomeCommuteMedian":5657},"geometry":{"type":"Polygon","coordinates":[[[-86.84364209451985,21.16535416367611],[-86.84364209451985,21.174347367313356],[-86.8346488908826,21.174347367313356],[-86.8346488908826,21.16535416367611],[-86.84364209451985,21.16535416367611]]]}},{"type":"Feature","properties":{"jobs":2677,"pop":4627,"pointCount":8,"homeWorkCommuteMedian":6194,"workHomeCommuteMedian":5390},"geometry":{"type":"Polygon","coordinates":[[[-86.84364209451985,21.174347367313356],[-86.84364209451985,21.1833405709506],[-86.8346488908826,21.1833405709506],[-86.8346488908826,21.174347367313356],[-86.84364209451985,21.174347367313356]]]}},{"type":"Feature","properties":{"jobs":1340,"pop":4855,"pointCount":8,"homeWorkCommuteMedian":6338,"workHomeCommuteMedian":6069},"geometry":{"type":"Polygon","coordinates":[[[-86.84364209451985,21.1833405709506],[-86.84364209451985,21.192333774587848],[-86.8346488908826,21.192333774587848],[-86.8346488908826,21.1833405709506],[-86.84364209451985,21.1833405709506]]]}},{"type":"Feature","properties":{"jobs":2441,"pop":6493,"pointCount":10,"homeWorkCommuteMedian":7805,"workHomeCommuteMedian":8971},"geometry":{"type":"Polygon","coordinates":[[[-86.84364209451985,21.192333774587848],[-86.84364209451985,21.201326978225094],[-86.8346488908826,21.201326978225094],[-86.8346488908826,21.192333774587848],[-86.84364209451985,21.192333774587848]]]}},{"type":"Feature","properties":{"jobs":2022,"pop":4226,"pointCount":10,"homeWorkCommuteMedian":9722,"workHomeCommuteMedian":9435},"geometry":{"type":"Polygon","coordinates":[[[-86.84364209451985,21.201326978225094],[-86.84364209451985,21.21032018186234],[-86.8346488908826,21.21032018186234],[-86.8346488908826,21.201326978225094],[-86.84364209451985,21.201326978225094]]]}},{"type":"Feature","properties":{"jobs":0,"pop":118,"pointCount":3,"homeWorkCommuteMedian":11413,"workHomeCommuteMedian":-1},"geometry":{"type":"Polygon","coordinates":[[[-86.84364209451985,21.21032018186234],[-86.84364209451985,21.219313385499586],[-86.8346488908826,21.219313385499586],[-86.8346488908826,21.21032018186234],[-86.84364209451985,21.21032018186234]]]}},{"type":"Feature","properties":{"jobs":532,"pop":0,"pointCount":2,"homeWorkCommuteMedian":-1,"workHomeCommuteMedian":27950},"geometry":{"type":"Polygon","coordinates":[[[-86.8346488908826,20.976496887293944],[-86.8346488908826,20.98549009093119],[-86.82565568724536,20.98549009093119],[-86.82565568724536,20.976496887293944],[-86.8346488908826,20.976496887293944]]]}},{"type":"Feature","properties":{"jobs":720,"pop":0,"pointCount":1,"homeWorkCommuteMedian":-1,"workHomeCommuteMedian":22309},"geometry":{"type":"Polygon","coordinates":[[[-86.8346488908826,20.98549009093119],[-86.8346488908826,20.994483294568436],[-86.82565568724536,20.994483294568436],[-86.82565568724536,20.98549009093119],[-86.8346488908826,20.98549009093119]]]}},{"type":"Feature","properties":{"jobs":1762,"pop":346,"pointCount":3,"homeWorkCommuteMedian":4140,"workHomeCommuteMedian":9545},"geometry":{"type":"Polygon","coordinates":[[[-86.8346488908826,21.12038814548988],[-86.8346488908826,21.129381349127126],[-86.82565568724536,21.129381349127126],[-86.82565568724536,21.12038814548988],[-86.8346488908826,21.12038814548988]]]}},{"type":"Feature","properties":{"jobs":9616,"pop":2270,"pointCount":9,"homeWorkCommuteMedian":5751,"workHomeCommuteMedian":7925},"geometry":{"type":"Polygon","coordinates":[[[-86.8346488908826,21.129381349127126],[-86.8346488908826,21.138374552764372],[-86.82565568724536,21.138374552764372],[-86.82565568724536,21.129381349127126],[-86.8346488908826,21.129381349127126]]]}},{"type":"Feature","properties":{"jobs":4642,"pop":2079,"pointCount":9,"homeWorkCommuteMedian":4453,"workHomeCommuteMedian":6962},"geometry":{"type":"Polygon","coordinates":[[[-86.8346488908826,21.138374552764372],[-86.8346488908826,21.147367756401618],[-86.82565568724536,21.147367756401618],[-86.82565568724536,21.138374552764372],[-86.8346488908826,21.138374552764372]]]}},{"type":"Feature","properties":{"jobs":8697,"pop":1636,"pointCount":10,"homeWorkCommuteMedian":11366,"workHomeCommuteMedian":7448},"geometry":{"type":"Polygon","coordinates":[[[-86.8346488908826,21.147367756401618],[-86.8346488908826,21.156360960038864],[-86.82565568724536,21.156360960038864],[-86.82565568724536,21.147367756401618],[-86.8346488908826,21.147367756401618]]]}},{"type":"Feature","properties":{"jobs":10545,"pop":1599,"pointCount":9,"homeWorkCommuteMedian":3696,"workHomeCommuteMedian":6966},"geometry":{"type":"Polygon","coordinates":[[[-86.8346488908826,21.156360960038864],[-86.8346488908826,21.16535416367611],[-86.82565568724536,21.16535416367611],[-86.82565568724536,21.156360960038864],[-86.8346488908826,21.156360960038864]]]}},{"type":"Feature","properties":{"jobs":14271,"pop":4110,"pointCount":13,"homeWorkCommuteMedian":6342,"workHomeCommuteMedian":6577},"geometry":{"type":"Polygon","coordinates":[[[-86.8346488908826,21.16535416367611],[-86.8346488908826,21.174347367313356],[-86.82565568724536,21.174347367313356],[-86.82565568724536,21.16535416367611],[-86.8346488908826,21.16535416367611]]]}},{"type":"Feature","properties":{"jobs":5965,"pop":5466,"pointCount":11,"homeWorkCommuteMedian":6405,"workHomeCommuteMedian":7169},"geometry":{"type":"Polygon","coordinates":[[[-86.8346488908826,21.174347367313356],[-86.8346488908826,21.1833405709506],[-86.82565568724536,21.1833405709506],[-86.82565568724536,21.174347367313356],[-86.8346488908826,21.174347367313356]]]}},{"type":"Feature","properties":{"jobs":4925,"pop":5422,"pointCount":10,"homeWorkCommuteMedian":8182,"workHomeCommuteMedian":7808},"geometry":{"type":"Polygon","coordinates":[[[-86.8346488908826,21.1833405709506],[-86.8346488908826,21.192333774587848],[-86.82565568724536,21.192333774587848],[-86.82565568724536,21.1833405709506],[-86.8346488908826,21.1833405709506]]]}},{"type":"Feature","properties":{"jobs":1476,"pop":6956,"pointCount":9,"homeWorkCommuteMedian":6889,"workHomeCommuteMedian":10918},"geometry":{"type":"Polygon","coordinates":[[[-86.8346488908826,21.192333774587848],[-86.8346488908826,21.201326978225094],[-86.82565568724536,21.201326978225094],[-86.82565568724536,21.192333774587848],[-86.8346488908826,21.192333774587848]]]}},{"type":"Feature","properties":{"jobs":151,"pop":1066,"pointCount":4,"homeWorkCommuteMedian":8809,"workHomeCommuteMedian":10300},"geometry":{"type":"Polygon","coordinates":[[[-86.8346488908826,21.201326978225094],[-86.8346488908826,21.21032018186234],[-86.82565568724536,21.21032018186234],[-86.82565568724536,21.201326978225094],[-86.8346488908826,21.201326978225094]]]}},{"type":"Feature","properties":{"jobs":267,"pop":0,"pointCount":1,"homeWorkCommuteMedian":-1,"workHomeCommuteMedian":28851},"geometry":{"type":"Polygon","coordinates":[[[-86.82565568724536,21.003476498205682],[-86.82565568724536,21.012469701842928],[-86.81666248360811,21.012469701842928],[-86.81666248360811,21.003476498205682],[-86.82565568724536,21.003476498205682]]]}},{"type":"Feature","properties":{"jobs":2370,"pop":71,"pointCount":2,"homeWorkCommuteMedian":22072,"workHomeCommuteMedian":8521},"geometry":{"type":"Polygon","coordinates":[[[-86.82565568724536,21.129381349127126],[-86.82565568724536,21.138374552764372],[-86.81666248360811,21.138374552764372],[-86.81666248360811,21.129381349127126],[-86.82565568724536,21.129381349127126]]]}},{"type":"Feature","properties":{"jobs":14275,"pop":471,"pointCount":7,"homeWorkCommuteMedian":4668,"workHomeCommuteMedian":9027},"geometry":{"type":"Polygon","coordinates":[[[-86.82565568724536,21.138374552764372],[-86.82565568724536,21.147367756401618],[-86.81666248360811,21.147367756401618],[-86.81666248360811,21.138374552764372],[-86.82565568724536,21.138374552764372]]]}},{"type":"Feature","properties":{"jobs":11902,"pop":241,"pointCount":6,"homeWorkCommuteMedian":8477,"workHomeCommuteMedian":8352},"geometry":{"type":"Polygon","coordinates":[[[-86.82565568724536,21.147367756401618],[-86.82565568724536,21.156360960038864],[-86.81666248360811,21.156360960038864],[-86.81666248360811,21.147367756401618],[-86.82565568724536,21.147367756401618]]]}},{"type":"Feature","properties":{"jobs":14700,"pop":753,"pointCount":10,"homeWorkCommuteMedian":3791,"workHomeCommuteMedian":7895},"geometry":{"type":"Polygon","coordinates":[[[-86.82565568724536,21.156360960038864],[-86.82565568724536,21.16535416367611],[-86.81666248360811,21.16535416367611],[-86.81666248360811,21.156360960038864],[-86.82565568724536,21.156360960038864]]]}},{"type":"Feature","properties":{"jobs":5412,"pop":1692,"pointCount":6,"homeWorkCommuteMedian":4444,"workHomeCommuteMedian":7200},"geometry":{"type":"Polygon","coordinates":[[[-86.82565568724536,21.16535416367611],[-86.82565568724536,21.174347367313356],[-86.81666248360811,21.174347367313356],[-86.81666248360811,21.16535416367611],[-86.82565568724536,21.16535416367611]]]}},{"type":"Feature","properties":{"jobs":2068,"pop":6045,"pointCount":10,"homeWorkCommuteMedian":5363,"workHomeCommuteMedian":7733},"geometry":{"type":"Polygon","coordinates":[[[-86.82565568724536,21.174347367313356],[-86.82565568724536,21.1833405709506],[-86.81666248360811,21.1833405709506],[-86.81666248360811,21.174347367313356],[-86.82565568724536,21.174347367313356]]]}},{"type":"Feature","properties":{"jobs":793,"pop":3895,"pointCount":7,"homeWorkCommuteMedian":7820,"workHomeCommuteMedian":6385},"geometry":{"type":"Polygon","coordinates":[[[-86.82565568724536,21.1833405709506],[-86.82565568724536,21.192333774587848],[-86.81666248360811,21.192333774587848],[-86.81666248360811,21.1833405709506],[-86.82565568724536,21.1833405709506]]]}},{"type":"Feature","properties":{"jobs":7073,"pop":4824,"pointCount":8,"homeWorkCommuteMedian":8177,"workHomeCommuteMedian":7509},"geometry":{"type":"Polygon","coordinates":[[[-86.82565568724536,21.192333774587848],[-86.82565568724536,21.201326978225094],[-86.81666248360811,21.201326978225094],[-86.81666248360811,21.192333774587848],[-86.82565568724536,21.192333774587848]]]}},{"type":"Feature","properties":{"jobs":1340,"pop":0,"pointCount":1,"homeWorkCommuteMedian":-1,"workHomeCommuteMedian":22531},"geometry":{"type":"Polygon","coordinates":[[[-86.82565568724536,21.27327260732306],[-86.82565568724536,21.282265810960308],[-86.81666248360811,21.282265810960308],[-86.81666248360811,21.27327260732306],[-86.82565568724536,21.27327260732306]]]}},{"type":"Feature","properties":{"jobs":47,"pop":0,"pointCount":1,"homeWorkCommuteMedian":-1,"workHomeCommuteMedian":16307},"geometry":{"type":"Polygon","coordinates":[[[-86.82565568724536,21.282265810960308],[-86.82565568724536,21.291259014597554],[-86.81666248360811,21.291259014597554],[-86.81666248360811,21.282265810960308],[-86.82565568724536,21.282265810960308]]]}},{"type":"Feature","properties":{"jobs":662,"pop":0,"pointCount":1,"homeWorkCommuteMedian":-1,"workHomeCommuteMedian":24743},"geometry":{"type":"Polygon","coordinates":[[[-86.82565568724536,21.291259014597554],[-86.82565568724536,21.3002522182348],[-86.81666248360811,21.3002522182348],[-86.81666248360811,21.291259014597554],[-86.82565568724536,21.291259014597554]]]}},{"type":"Feature","properties":{"jobs":1316,"pop":0,"pointCount":1,"homeWorkCommuteMedian":-1,"workHomeCommuteMedian":20648},"geometry":{"type":"Polygon","coordinates":[[[-86.82565568724536,21.3002522182348],[-86.82565568724536,21.309245421872046],[-86.81666248360811,21.309245421872046],[-86.81666248360811,21.3002522182348],[-86.82565568724536,21.3002522182348]]]}},{"type":"Feature","properties":{"jobs":216,"pop":0,"pointCount":1,"homeWorkCommuteMedian":-1,"workHomeCommuteMedian":18466},"geometry":{"type":"Polygon","coordinates":[[[-86.81666248360811,21.021462905480174],[-86.81666248360811,21.03045610911742],[-86.80766927997087,21.03045610911742],[-86.80766927997087,21.021462905480174],[-86.81666248360811,21.021462905480174]]]}},{"type":"Feature","properties":{"jobs":0,"pop":106,"pointCount":1,"homeWorkCommuteMedian":1702,"workHomeCommuteMedian":-1},"geometry":{"type":"Polygon","coordinates":[[[-86.81666248360811,21.147367756401618],[-86.81666248360811,21.156360960038864],[-86.80766927997087,21.156360960038864],[-86.80766927997087,21.147367756401618],[-86.81666248360811,21.147367756401618]]]}},{"type":"Feature","properties":{"jobs":2091,"pop":541,"pointCount":2,"homeWorkCommuteMedian":9035,"workHomeCommuteMedian":9828},"geometry":{"type":"Polygon","coordinates":[[[-86.81666248360811,21.156360960038864],[-86.81666248360811,21.16535416367611],[-86.80766927997087,21.16535416367611],[-86.80766927997087,21.156360960038864],[-86.81666248360811,21.156360960038864]]]}},{"type":"Feature","properties":{"jobs":1050,"pop":1946,"pointCount":3,"homeWorkCommuteMedian":9320,"workHomeCommuteMedian":13274},"geometry":{"type":"Polygon","coordinates":[[[-86.81666248360811,21.174347367313356],[-86.81666248360811,21.1833405709506],[-86.80766927997087,21.1833405709506],[-86.80766927997087,21.174347367313356],[-86.81666248360811,21.174347367313356]]]}},{"type":"Feature","properties":{"jobs":2605,"pop":279,"pointCount":1,"homeWorkCommuteMedian":19029,"workHomeCommuteMedian":7498},"geometry":{"type":"Polygon","coordinates":[[[-86.81666248360811,21.1833405709506],[-86.81666248360811,21.192333774587848],[-86.80766927997087,21.192333774587848],[-86.80766927997087,21.1833405709506],[-86.81666248360811,21.1833405709506]]]}},{"type":"Feature","properties":{"jobs":976,"pop":0,"pointCount":1,"homeWorkCommuteMedian":-1,"workHomeCommuteMedian":12608},"geometry":{"type":"Polygon","coordinates":[[[-86.81666248360811,21.237299792774078],[-86.81666248360811,21.246292996411324],[-86.80766927997087,21.246292996411324],[-86.80766927997087,21.237299792774078],[-86.81666248360811,21.237299792774078]]]}},{"type":"Feature","properties":{"jobs":1366,"pop":0,"pointCount":1,"homeWorkCommuteMedian":-1,"workHomeCommuteMedian":19156},"geometry":{"type":"Polygon","coordinates":[[[-86.81666248360811,21.264279403685816],[-86.81666248360811,21.27327260732306],[-86.80766927997087,21.27327260732306],[-86.80766927997087,21.264279403685816],[-86.81666248360811,21.264279403685816]]]}},{"type":"Feature","properties":{"jobs":203,"pop":0,"pointCount":1,"homeWorkCommuteMedian":-1,"workHomeCommuteMedian":27454},"geometry":{"type":"Polygon","coordinates":[[[-86.81666248360811,21.3002522182348],[-86.81666248360811,21.309245421872046],[-86.80766927997087,21.309245421872046],[-86.80766927997087,21.3002522182348],[-86.81666248360811,21.3002522182348]]]}},{"type":"Feature","properties":{"jobs":152,"pop":0,"pointCount":1,"homeWorkCommuteMedian":-1,"workHomeCommuteMedian":28784},"geometry":{"type":"Polygon","coordinates":[[[-86.81666248360811,21.31823862550929],[-86.81666248360811,21.327231829146537],[-86.80766927997087,21.327231829146537],[-86.80766927997087,21.31823862550929],[-86.81666248360811,21.31823862550929]]]}},{"type":"Feature","properties":{"jobs":601,"pop":185,"pointCount":2,"homeWorkCommuteMedian":6413,"workHomeCommuteMedian":8550},"geometry":{"type":"Polygon","coordinates":[[[-86.80766927997087,21.147367756401618],[-86.80766927997087,21.156360960038864],[-86.79867607633362,21.156360960038864],[-86.79867607633362,21.147367756401618],[-86.80766927997087,21.147367756401618]]]}},{"type":"Feature","properties":{"jobs":1217,"pop":43,"pointCount":2,"homeWorkCommuteMedian":5035,"workHomeCommuteMedian":10558},"geometry":{"type":"Polygon","coordinates":[[[-86.80766927997087,21.156360960038864],[-86.80766927997087,21.16535416367611],[-86.79867607633362,21.16535416367611],[-86.79867607633362,21.156360960038864],[-86.80766927997087,21.156360960038864]]]}},{"type":"Feature","properties":{"jobs":1789,"pop":234,"pointCount":2,"homeWorkCommuteMedian":8033,"workHomeCommuteMedian":11800},"geometry":{"type":"Polygon","coordinates":[[[-86.80766927997087,21.1833405709506],[-86.80766927997087,21.192333774587848],[-86.79867607633362,21.192333774587848],[-86.79867607633362,21.1833405709506],[-86.80766927997087,21.1833405709506]]]}},{"type":"Feature","properties":{"jobs":587,"pop":83,"pointCount":2,"homeWorkCommuteMedian":13436,"workHomeCommuteMedian":10573},"geometry":{"type":"Polygon","coordinates":[[[-86.80766927997087,21.201326978225094],[-86.80766927997087,21.21032018186234],[-86.79867607633362,21.21032018186234],[-86.79867607633362,21.201326978225094],[-86.80766927997087,21.201326978225094]]]}},{"type":"Feature","properties":{"jobs":906,"pop":0,"pointCount":2,"homeWorkCommuteMedian":-1,"workHomeCommuteMedian":15080},"geometry":{"type":"Polygon","coordinates":[[[-86.80766927997087,21.22830658913683],[-86.80766927997087,21.237299792774078],[-86.79867607633362,21.237299792774078],[-86.79867607633362,21.22830658913683],[-86.80766927997087,21.22830658913683]]]}},{"type":"Feature","properties":{"jobs":1337,"pop":0,"pointCount":1,"homeWorkCommuteMedian":-1,"workHomeCommuteMedian":15103},"geometry":{"type":"Polygon","coordinates":[[[-86.80766927997087,21.237299792774078],[-86.80766927997087,21.246292996411324],[-86.79867607633362,21.246292996411324],[-86.79867607633362,21.237299792774078],[-86.80766927997087,21.237299792774078]]]}},{"type":"Feature","properties":{"jobs":208,"pop":0,"pointCount":1,"homeWorkCommuteMedian":-1,"workHomeCommuteMedian":21274},"geometry":{"type":"Polygon","coordinates":[[[-86.79867607633362,21.03045610911742],[-86.79867607633362,21.039449312754666],[-86.78968287269637,21.039449312754666],[-86.78968287269637,21.03045610911742],[-86.79867607633362,21.03045610911742]]]}},{"type":"Feature","properties":{"jobs":4115,"pop":54,"pointCount":2,"homeWorkCommuteMedian":9608,"workHomeCommuteMedian":10367},"geometry":{"type":"Polygon","coordinates":[[[-86.79867607633362,21.138374552764372],[-86.79867607633362,21.147367756401618],[-86.78968287269637,21.147367756401618],[-86.78968287269637,21.138374552764372],[-86.79867607633362,21.138374552764372]]]}},{"type":"Feature","properties":{"jobs":644,"pop":0,"pointCount":2,"homeWorkCommuteMedian":-1,"workHomeCommuteMedian":12626},"geometry":{"type":"Polygon","coordinates":[[[-86.79867607633362,21.147367756401618],[-86.79867607633362,21.156360960038864],[-86.78968287269637,21.156360960038864],[-86.78968287269637,21.147367756401618],[-86.79867607633362,21.147367756401618]]]}},{"type":"Feature","properties":{"jobs":1149,"pop":0,"pointCount":2,"homeWorkCommuteMedian":-1,"workHomeCommuteMedian":28082},"geometry":{"type":"Polygon","coordinates":[[[-86.78968287269637,21.03045610911742],[-86.78968287269637,21.039449312754666],[-86.78068966905913,21.039449312754666],[-86.78068966905913,21.03045610911742],[-86.78968287269637,21.03045610911742]]]}},{"type":"Feature","properties":{"jobs":2516,"pop":20,"pointCount":4,"homeWorkCommuteMedian":5276,"workHomeCommuteMedian":26738},"geometry":{"type":"Polygon","coordinates":[[[-86.78968287269637,21.039449312754666],[-86.78968287269637,21.048442516391912],[-86.78068966905913,21.048442516391912],[-86.78068966905913,21.039449312754666],[-86.78968287269637,21.039449312754666]]]}},{"type":"Feature","properties":{"jobs":2498,"pop":0,"pointCount":4,"homeWorkCommuteMedian":-1,"workHomeCommuteMedian":25923},"geometry":{"type":"Polygon","coordinates":[[[-86.78968287269637,21.048442516391912],[-86.78968287269637,21.057435720029158],[-86.78068966905913,21.057435720029158],[-86.78068966905913,21.048442516391912],[-86.78968287269637,21.048442516391912]]]}},{"type":"Feature","properties":{"jobs":4165,"pop":75,"pointCount":3,"homeWorkCommuteMedian":8082,"workHomeCommuteMedian":12821},"geometry":{"type":"Polygon","coordinates":[[[-86.78968287269637,21.138374552764372],[-86.78968287269637,21.147367756401618],[-86.78068966905913,21.147367756401618],[-86.78068966905913,21.138374552764372],[-86.78968287269637,21.138374552764372]]]}},{"type":"Feature","properties":{"jobs":516,"pop":0,"pointCount":1,"homeWorkCommuteMedian":-1,"workHomeCommuteMedian":26660},"geometry":{"type":"Polygon","coordinates":[[[-86.78068966905913,21.03045610911742],[-86.78068966905913,21.039449312754666],[-86.77169646542188,21.039449312754666],[-86.77169646542188,21.03045610911742],[-86.78068966905913,21.03045610911742]]]}},{"type":"Feature","properties":{"jobs":2776,"pop":0,"pointCount":2,"homeWorkCommuteMedian":-1,"workHomeCommuteMedian":23239},"geometry":{"type":"Polygon","coordinates":[[[-86.78068966905913,21.057435720029158],[-86.78068966905913,21.066428923666404],[-86.77169646542188,21.066428923666404],[-86.77169646542188,21.057435720029158],[-86.78068966905913,21.057435720029158]]]}},{"type":"Feature","properties":{"jobs":5025,"pop":0,"pointCount":4,"homeWorkCommuteMedian":-1,"workHomeCommuteMedian":21339},"geometry":{"type":"Polygon","coordinates":[[[-86.78068966905913,21.066428923666404],[-86.78068966905913,21.07542212730365],[-86.77169646542188,21.07542212730365],[-86.77169646542188,21.066428923666404],[-86.78068966905913,21.066428923666404]]]}},{"type":"Feature","properties":{"jobs":3088,"pop":0,"pointCount":3,"homeWorkCommuteMedian":-1,"workHomeCommuteMedian":20488},"geometry":{"type":"Polygon","coordinates":[[[-86.78068966905913,21.07542212730365],[-86.78068966905913,21.084415330940896],[-86.77169646542188,21.084415330940896],[-86.77169646542188,21.07542212730365],[-86.78068966905913,21.07542212730365]]]}},{"type":"Feature","properties":{"jobs":1567,"pop":0,"pointCount":1,"homeWorkCommuteMedian":-1,"workHomeCommuteMedian":19938},"geometry":{"type":"Polygon","coordinates":[[[-86.78068966905913,21.084415330940896],[-86.78068966905913,21.093408534578142],[-86.77169646542188,21.093408534578142],[-86.77169646542188,21.084415330940896],[-86.78068966905913,21.084415330940896]]]}},{"type":"Feature","properties":{"jobs":3080,"pop":0,"pointCount":2,"homeWorkCommuteMedian":-1,"workHomeCommuteMedian":14291},"geometry":{"type":"Polygon","coordinates":[[[-86.78068966905913,21.138374552764372],[-86.78068966905913,21.147367756401618],[-86.77169646542188,21.147367756401618],[-86.77169646542188,21.138374552764372],[-86.78068966905913,21.138374552764372]]]}},{"type":"Feature","properties":{"jobs":4102,"pop":24,"pointCount":2,"homeWorkCommuteMedian":13476,"workHomeCommuteMedian":18445},"geometry":{"type":"Polygon","coordinates":[[[-86.77169646542188,21.084415330940896],[-86.77169646542188,21.093408534578142],[-86.76270326178464,21.093408534578142],[-86.76270326178464,21.084415330940896],[-86.77169646542188,21.084415330940896]]]}},{"type":"Feature","properties":{"jobs":7249,"pop":4,"pointCount":3,"homeWorkCommuteMedian":19510,"workHomeCommuteMedian":18327},"geometry":{"type":"Polygon","coordinates":[[[-86.77169646542188,21.093408534578142],[-86.77169646542188,21.102401738215388],[-86.76270326178464,21.102401738215388],[-86.76270326178464,21.093408534578142],[-86.77169646542188,21.093408534578142]]]}},{"type":"Feature","properties":{"jobs":5246,"pop":444,"pointCount":3,"homeWorkCommuteMedian":19206,"workHomeCommuteMedian":19595},"geometry":{"type":"Polygon","coordinates":[[[-86.77169646542188,21.102401738215388],[-86.77169646542188,21.111394941852634],[-86.76270326178464,21.111394941852634],[-86.76270326178464,21.102401738215388],[-86.77169646542188,21.102401738215388]]]}},{"type":"Feature","properties":{"jobs":196,"pop":33,"pointCount":1,"homeWorkCommuteMedian":15694,"workHomeCommuteMedian":21856},"geometry":{"type":"Polygon","coordinates":[[[-86.77169646542188,21.111394941852634],[-86.77169646542188,21.12038814548988],[-86.76270326178464,21.12038814548988],[-86.76270326178464,21.111394941852634],[-86.77169646542188,21.111394941852634]]]}},{"type":"Feature","properties":{"jobs":136,"pop":389,"pointCount":2,"homeWorkCommuteMedian":8275,"workHomeCommuteMedian":32234},"geometry":{"type":"Polygon","coordinates":[[[-86.77169646542188,21.12038814548988],[-86.77169646542188,21.129381349127126],[-86.76270326178464,21.129381349127126],[-86.76270326178464,21.12038814548988],[-86.77169646542188,21.12038814548988]]]}},{"type":"Feature","properties":{"jobs":973,"pop":77,"pointCount":2,"homeWorkCommuteMedian":11643,"workHomeCommuteMedian":18437},"geometry":{"type":"Polygon","coordinates":[[[-86.77169646542188,21.129381349127126],[-86.77169646542188,21.138374552764372],[-86.76270326178464,21.138374552764372],[-86.76270326178464,21.129381349127126],[-86.77169646542188,21.129381349127126]]]}},{"type":"Feature","properties":{"jobs":1297,"pop":0,"pointCount":2,"homeWorkCommuteMedian":-1,"workHomeCommuteMedian":12625},"geometry":{"type":"Polygon","coordinates":[[[-86.77169646542188,21.138374552764372],[-86.77169646542188,21.147367756401618],[-86.76270326178464,21.147367756401618],[-86.76270326178464,21.138374552764372],[-86.77169646542188,21.138374552764372]]]}},{"type":"Feature","properties":{"jobs":4707,"pop":8,"pointCount":4,"homeWorkCommuteMedian":4744,"workHomeCommuteMedian":19898},"geometry":{"type":"Polygon","coordinates":[[[-86.76270326178464,21.111394941852634],[-86.76270326178464,21.12038814548988],[-86.75371005814739,21.12038814548988],[-86.75371005814739,21.111394941852634],[-86.76270326178464,21.111394941852634]]]}},{"type":"Feature","properties":{"jobs":1791,"pop":0,"pointCount":2,"homeWorkCommuteMedian":-1,"workHomeCommuteMedian":17619},"geometry":{"type":"Polygon","coordinates":[[[-86.76270326178464,21.12038814548988],[-86.76270326178464,21.129381349127126],[-86.75371005814739,21.129381349127126],[-86.75371005814739,21.12038814548988],[-86.76270326178464,21.12038814548988]]]}},{"type":"Feature","properties":{"jobs":1457,"pop":24,"pointCount":2,"homeWorkCommuteMedian":10258,"workHomeCommuteMedian":15614},"geometry":{"type":"Polygon","coordinates":[[[-86.76270326178464,21.129381349127126],[-86.76270326178464,21.138374552764372],[-86.75371005814739,21.138374552764372],[-86.75371005814739,21.129381349127126],[-86.76270326178464,21.129381349127126]]]}},{"type":"Feature","properties":{"jobs":1686,"pop":0,"pointCount":1,"homeWorkCommuteMedian":-1,"workHomeCommuteMedian":17052},"geometry":{"type":"Polygon","coordinates":[[[-86.75371005814739,21.12038814548988],[-86.75371005814739,21.129381349127126],[-86.74471685451014,21.129381349127126],[-86.74471685451014,21.12038814548988],[-86.75371005814739,21.12038814548988]]]}},{"type":"Feature","properties":{"jobs":10954,"pop":118,"pointCount":7,"homeWorkCommuteMedian":9885,"workHomeCommuteMedian":17099},"geometry":{"type":"Polygon","coordinates":[[[-86.75371005814739,21.129381349127126],[-86.75371005814739,21.138374552764372],[-86.74471685451014,21.138374552764372],[-86.74471685451014,21.129381349127126],[-86.75371005814739,21.129381349127126]]]}},{"type":"Feature","properties":{"jobs":1590,"pop":175,"pointCount":1,"homeWorkCommuteMedian":17616,"workHomeCommuteMedian":19222},"geometry":{"type":"Polygon","coordinates":[[[-86.75371005814739,21.246292996411324],[-86.75371005814739,21.25528620004857],[-86.74471685451014,21.25528620004857],[-86.74471685451014,21.246292996411324],[-86.75371005814739,21.246292996411324]]]}},{"type":"Feature","properties":{"jobs":6946,"pop":341,"pointCount":4,"homeWorkCommuteMedian":18207,"workHomeCommuteMedian":18802},"geometry":{"type":"Polygon","coordinates":[[[-86.75371005814739,21.25528620004857],[-86.75371005814739,21.264279403685816],[-86.74471685451014,21.264279403685816],[-86.74471685451014,21.25528620004857],[-86.75371005814739,21.25528620004857]]]}},{"type":"Feature","properties":{"jobs":277,"pop":0,"pointCount":1,"homeWorkCommuteMedian":-1,"workHomeCommuteMedian":20502},"geometry":{"type":"Polygon","coordinates":[[[-86.74471685451014,21.129381349127126],[-86.74471685451014,21.138374552764372],[-86.7357236508729,21.138374552764372],[-86.7357236508729,21.129381349127126],[-86.74471685451014,21.129381349127126]]]}},{"type":"Feature","properties":{"jobs":1306,"pop":0,"pointCount":2,"homeWorkCommuteMedian":-1,"workHomeCommuteMedian":20600},"geometry":{"type":"Polygon","coordinates":[[[-86.74471685451014,21.22830658913683],[-86.74471685451014,21.237299792774078],[-86.7357236508729,21.237299792774078],[-86.7357236508729,21.22830658913683],[-86.74471685451014,21.22830658913683]]]}},{"type":"Feature","properties":{"jobs":191,"pop":74,"pointCount":2,"homeWorkCommuteMedian":17665,"workHomeCommuteMedian":18324},"geometry":{"type":"Polygon","coordinates":[[[-86.74471685451014,21.237299792774078],[-86.74471685451014,21.246292996411324],[-86.7357236508729,21.246292996411324],[-86.7357236508729,21.237299792774078],[-86.74471685451014,21.237299792774078]]]}},{"type":"Feature","properties":{"jobs":2542,"pop":2958,"pointCount":9,"homeWorkCommuteMedian":11890,"workHomeCommuteMedian":20570},"geometry":{"type":"Polygon","coordinates":[[[-86.7357236508729,21.219313385499586],[-86.7357236508729,21.22830658913683],[-86.72673044723565,21.22830658913683],[-86.72673044723565,21.219313385499586],[-86.7357236508729,21.219313385499586]]]}},{"type":"Feature","properties":{"jobs":2783,"pop":2381,"pointCount":5,"homeWorkCommuteMedian":14636,"workHomeCommuteMedian":19374},"geometry":{"type":"Polygon","coordinates":[[[-86.7357236508729,21.22830658913683],[-86.7357236508729,21.237299792774078],[-86.72673044723565,21.237299792774078],[-86.72673044723565,21.22830658913683],[-86.7357236508729,21.22830658913683]]]}},{"type":"Feature","properties":{"jobs":0,"pop":162,"pointCount":1,"homeWorkCommuteMedian":19813,"workHomeCommuteMedian":-1},"geometry":{"type":"Polygon","coordinates":[[[-86.7357236508729,21.237299792774078],[-86.7357236508729,21.246292996411324],[-86.72673044723565,21.246292996411324],[-86.72673044723565,21.237299792774078],[-86.7357236508729,21.237299792774078]]]}},{"type":"Feature","properties":{"jobs":1132,"pop":46,"pointCount":4,"homeWorkCommuteMedian":25697,"workHomeCommuteMedian":20869},"geometry":{"type":"Polygon","coordinates":[[[-86.72673044723565,21.21032018186234],[-86.72673044723565,21.219313385499586],[-86.7177372435984,21.219313385499586],[-86.7177372435984,21.21032018186234],[-86.72673044723565,21.21032018186234]]]}},{"type":"Feature","properties":{"jobs":285,"pop":815,"pointCount":2,"homeWorkCommuteMedian":18882,"workHomeCommuteMedian":18882},"geometry":{"type":"Polygon","coordinates":[[[-86.72673044723565,21.219313385499586],[-86.72673044723565,21.22830658913683],[-86.7177372435984,21.22830658913683],[-86.7177372435984,21.219313385499586],[-86.72673044723565,21.219313385499586]]]}}],"properties":{"residentWeightedNearestNeighborKm":{"p10":0.18967051518087652,"p25":0.21460267933251614,"p50":0.24845425945308877,"p75":0.27861811869086217,"p90":0.31878910417582185,"mean":0.2542655023379501},"workerWeightedNearestNeighborKm":{"p10":0.17694453394796575,"p25":0.20278191203910328,"p50":0.24395145434499216,"p75":0.29083478342761504,"p90":0.40878027203392053,"mean":0.3393809942127236},"commuteDistanceKm":{"p10":2477,"p25":4547,"p50":8028,"p75":14123,"p90":23492,"mean":11103.924252068746},"residentCellDensity":{"p10":46,"p25":237,"p50":1166,"p75":3953,"p90":6359,"mean":2327.837837837838},"workerCellDensity":{"p10":136,"p25":282,"p50":891,"p75":2113,"p90":4697,"mean":1767.9041095890411},"detail":{"radiusKm":0.24619256270608383,"expectedPointSpacingKm":0.5080671353875001,"normalizedRadius":0.48456699038073786,"activityPerPoint":406.93966421825814,"playableAreaKm2":960,"playableAreaPerPointKm2":0.5036726128016789,"playableCatchmentRadiusKm":0.40040476027988836,"localityScore":0.6555471061144198,"deaggregationScore":1,"score":0.8096586355461293},"polycentrism":{"activity":{"score":0.8555228361138576,"continuousScore":0.924223166496682,"detectedCenterCount":2,"effectiveCenterCount":1.7475228541990977,"largestCenterShare":0.6900507589343847,"bandwidthKm":1.3,"reliabilityScore":1,"supportLevel":"high","usedFallback":false,"topCenters":[{"longitude":-86.87532175761626,"latitude":21.120440609027703,"massShare":0.6900507589343847,"assignedMass":1070444,"assignedPointCount":1274,"prominenceRatio":1},{"longitude":-87.05876263935863,"latitude":20.6214584872611,"massShare":0.3099492410656153,"assignedMass":480810,"assignedPointCount":632,"prominenceRatio":1}],"debug":{"rawPeakCount":48,"mergedPeakCount":39,"filteredPeakCount":2,"prominenceThreshold":0.22,"minPointsPerCenter":10,"rejectedCenters":[{"longitude":-87.11704843110643,"latitude":20.668577015567877,"massShare":0.05271283748502824,"assignedMass":81771,"assignedPointCount":83,"prominenceRatio":0.99995562677722,"strongestCompetitorDistanceKm":5.905755177424389,"strongestCompetitorPotential":71799.69644236403,"localConsolidatedShare":0.05271283748502824,"localConsolidatedMass":81771,"localContributorCount":1,"localContributorDistancesKm":[],"rejectionReasons":["below_secondary_share_floor"]},{"longitude":-86.94684594770773,"latitude":20.49609773673476,"massShare":0.06289556707025414,"assignedMass":97567,"assignedPointCount":139,"prominenceRatio":1,"strongestCompetitorDistanceKm":20.504472753547645,"strongestCompetitorPotential":71799.69644236403,"localConsolidatedShare":0.06289556707025414,"localConsolidatedMass":97567,"localContributorCount":1,"localContributorDistancesKm":[],"rejectionReasons":["below_relative_share_floor"]},{"longitude":-87.4627490138004,"latitude":20.210371873779255,"massShare":0.020132744218548347,"assignedMass":31231,"assignedPointCount":72,"prominenceRatio":1,"strongestCompetitorDistanceKm":62.294870499440435,"strongestCompetitorPotential":null,"localConsolidatedShare":0.020132744218548347,"localConsolidatedMass":31231,"localContributorCount":1,"localContributorDistancesKm":[],"rejectionReasons":["below_secondary_share_floor"]},{"longitude":-86.8669796764993,"latitude":21.070677195103016,"massShare":0.045652742877697654,"assignedMass":70819,"assignedPointCount":134,"prominenceRatio":1,"strongestCompetitorDistanceKm":12.714708886858439,"strongestCompetitorPotential":117743.7779407082,"localConsolidatedShare":0.045652742877697654,"localConsolidatedMass":70819,"localContributorCount":1,"localContributorDistancesKm":[],"rejectionReasons":["below_secondary_share_floor"]},{"longitude":-86.76623709079908,"latitude":21.105835021330723,"massShare":0.04155412330927108,"assignedMass":64461,"assignedPointCount":54,"prominenceRatio":0.9999999999994702,"strongestCompetitorDistanceKm":10.082686253375083,"strongestCompetitorPotential":117743.7779407082,"localConsolidatedShare":0.04155412330927108,"localConsolidatedMass":64461,"localContributorCount":1,"localContributorDistancesKm":[],"rejectionReasons":["below_secondary_share_floor"]},{"longitude":-87.23083538316368,"latitude":20.50986729972684,"massShare":0.012979821486358779,"assignedMass":20135,"assignedPointCount":32,"prominenceRatio":1,"strongestCompetitorDistanceKm":21.469944321542393,"strongestCompetitorPotential":71799.69644236403,"localConsolidatedShare":0.012979821486358779,"localConsolidatedMass":20135,"localContributorCount":1,"localContributorDistancesKm":[],"rejectionReasons":["below_secondary_share_floor"]},{"longitude":-86.89358074790822,"latitude":20.859532717006314,"massShare":0.012558227085957554,"assignedMass":19481,"assignedPointCount":42,"prominenceRatio":1,"strongestCompetitorDistanceKm":30.73715238514437,"strongestCompetitorPotential":71799.69644236403,"localConsolidatedShare":0.012558227085957554,"localConsolidatedMass":19481,"localContributorCount":1,"localContributorDistancesKm":[],"rejectionReasons":["below_secondary_share_floor"]},{"longitude":-86.73035773760195,"latitude":21.227473742815135,"massShare":0.009645100028750932,"assignedMass":14962,"assignedPointCount":26,"prominenceRatio":1,"strongestCompetitorDistanceKm":13.354086797390167,"strongestCompetitorPotential":117743.7779407082,"localConsolidatedShare":0.009645100028750932,"localConsolidatedMass":14962,"localContributorCount":1,"localContributorDistancesKm":[],"rejectionReasons":["below_secondary_share_floor"]},{"longitude":-86.74858488952718,"latitude":21.257471669244367,"massShare":0.005835279070996755,"assignedMass":9052,"assignedPointCount":5,"prominenceRatio":1,"strongestCompetitorDistanceKm":14.15354621571962,"strongestCompetitorPotential":117743.7779407082,"localConsolidatedShare":0.005835279070996755,"localConsolidatedMass":9052,"localContributorCount":1,"localContributorDistancesKm":[],"rejectionReasons":["below_min_points_per_center"]},{"longitude":-87.20343828000739,"latitude":20.989442065840578,"massShare":0.0034855671605036956,"assignedMass":5407,"assignedPointCount":31,"prominenceRatio":1,"strongestCompetitorDistanceKm":41.471843306585335,"strongestCompetitorPotential":71799.69644236403,"localConsolidatedShare":0.0034855671605036956,"localConsolidatedMass":5407,"localContributorCount":1,"localContributorDistancesKm":[],"rejectionReasons":["below_secondary_share_floor"]},{"longitude":-86.98914793962264,"latitude":20.723419264690033,"massShare":0.0059790337365769886,"assignedMass":9275,"assignedPointCount":11,"prominenceRatio":1,"strongestCompetitorDistanceKm":15.579982322165968,"strongestCompetitorPotential":71799.69644236403,"localConsolidatedShare":0.0059790337365769886,"localConsolidatedMass":9275,"localContributorCount":1,"localContributorDistancesKm":[],"rejectionReasons":["below_secondary_share_floor"]},{"longitude":-86.83276434597619,"latitude":21.2304144772672,"massShare":0.005302806632569521,"assignedMass":8226,"assignedPointCount":17,"prominenceRatio":0.9999999995719682,"strongestCompetitorDistanceKm":9.233128106620951,"strongestCompetitorPotential":117743.7779407082,"localConsolidatedShare":0.005302806632569521,"localConsolidatedMass":8226,"localContributorCount":1,"localContributorDistancesKm":[],"rejectionReasons":["below_secondary_share_floor"]},{"longitude":-86.85301554659249,"latitude":20.90263245340751,"massShare":0.0023174799226948007,"assignedMass":3595,"assignedPointCount":6,"prominenceRatio":1,"strongestCompetitorDistanceKm":28.731563832082184,"strongestCompetitorPotential":117743.7779407082,"localConsolidatedShare":0.0023174799226948007,"localConsolidatedMass":3595,"localContributorCount":1,"localContributorDistancesKm":[],"rejectionReasons":["below_min_points_per_center"]},{"longitude":-87.45929330380868,"latitude":20.14799159211692,"massShare":0.002911193137938726,"assignedMass":4516,"assignedPointCount":13,"prominenceRatio":1,"strongestCompetitorDistanceKm":67.89581208595824,"strongestCompetitorPotential":null,"localConsolidatedShare":0.002911193137938726,"localConsolidatedMass":4516,"localContributorCount":1,"localContributorDistancesKm":[],"rejectionReasons":["below_secondary_share_floor"]},{"longitude":-86.81787651145602,"latitude":21.272124789356987,"massShare":0.0017443951796417608,"assignedMass":2706,"assignedPointCount":2,"prominenceRatio":1,"strongestCompetitorDistanceKm":12.781506488850932,"strongestCompetitorPotential":117743.7779407082,"localConsolidatedShare":0.0017443951796417608,"localConsolidatedMass":2706,"localContributorCount":1,"localContributorDistancesKm":[],"rejectionReasons":["below_min_points_per_center"]},{"longitude":-86.81630805462186,"latitude":21.30302424369748,"massShare":0.001534242619197114,"assignedMass":2380,"assignedPointCount":5,"prominenceRatio":1,"strongestCompetitorDistanceKm":15.36422680405581,"strongestCompetitorPotential":117743.7779407082,"localConsolidatedShare":0.001534242619197114,"localConsolidatedMass":2380,"localContributorCount":1,"localContributorDistancesKm":[],"rejectionReasons":["below_min_points_per_center"]},{"longitude":-87.01096880952383,"latitude":20.404954061302686,"massShare":0.0023555136682967457,"assignedMass":3654,"assignedPointCount":9,"prominenceRatio":1,"strongestCompetitorDistanceKm":27.620161132312226,"strongestCompetitorPotential":71799.69644236403,"localConsolidatedShare":0.0023555136682967457,"localConsolidatedMass":3654,"localContributorCount":1,"localContributorDistancesKm":[],"rejectionReasons":["below_min_points_per_center"]},{"longitude":-87.28183119641076,"latitude":20.45433848454636,"massShare":0.001293147350466139,"assignedMass":2006,"assignedPointCount":3,"prominenceRatio":1,"strongestCompetitorDistanceKm":30.117749648732637,"strongestCompetitorPotential":71799.69644236403,"localConsolidatedShare":0.001293147350466139,"localConsolidatedMass":2006,"localContributorCount":1,"localContributorDistancesKm":[],"rejectionReasons":["below_min_points_per_center"]},{"longitude":-87.34086103907256,"latitude":20.363915487333617,"massShare":0.0015013659916428901,"assignedMass":2329,"assignedPointCount":7,"prominenceRatio":1,"strongestCompetitorDistanceKm":40.03840928802007,"strongestCompetitorPotential":71799.69644236403,"localConsolidatedShare":0.0015013659916428901,"localConsolidatedMass":2329,"localContributorCount":1,"localContributorDistancesKm":[],"rejectionReasons":["below_min_points_per_center"]},{"longitude":-87.32009018558172,"latitude":20.397133561741615,"massShare":0.0009031402981072087,"assignedMass":1401,"assignedPointCount":8,"prominenceRatio":1,"strongestCompetitorDistanceKm":37.26351809324616,"strongestCompetitorPotential":71799.69644236403,"localConsolidatedShare":0.0009031402981072087,"localConsolidatedMass":1401,"localContributorCount":1,"localContributorDistancesKm":[],"rejectionReasons":["below_min_points_per_center"]},{"longitude":-86.93962440603396,"latitude":20.78564582023884,"massShare":0.001025621851740592,"assignedMass":1591,"assignedPointCount":3,"prominenceRatio":1,"strongestCompetitorDistanceKm":21.755036491288013,"strongestCompetitorPotential":71799.69644236403,"localConsolidatedShare":0.001025621851740592,"localConsolidatedMass":1591,"localContributorCount":1,"localContributorDistancesKm":[],"rejectionReasons":["below_min_points_per_center"]},{"longitude":-86.84271707215716,"latitude":20.990549172648283,"massShare":0.0017063614340398156,"assignedMass":2647,"assignedPointCount":6,"prominenceRatio":1,"strongestCompetitorDistanceKm":19.346389717255036,"strongestCompetitorPotential":117743.7779407082,"localConsolidatedShare":0.0017063614340398156,"localConsolidatedMass":2647,"localContributorCount":1,"localContributorDistancesKm":[],"rejectionReasons":["below_min_points_per_center"]},{"longitude":-87.08376667643824,"latitude":20.71858377794064,"massShare":0.0017592218940289599,"assignedMass":2729,"assignedPointCount":11,"prominenceRatio":0.9999999999999893,"strongestCompetitorDistanceKm":11.111113752575797,"strongestCompetitorPotential":71799.69644236403,"localConsolidatedShare":0.0017592218940289599,"localConsolidatedMass":2729,"localContributorCount":1,"localContributorDistancesKm":[],"rejectionReasons":["below_secondary_share_floor"]},{"longitude":-86.87253809080327,"latitude":20.931406461001167,"massShare":0.0005537455503740844,"assignedMass":859,"assignedPointCount":3,"prominenceRatio":1,"strongestCompetitorDistanceKm":26.414951106616673,"strongestCompetitorPotential":117743.7779407082,"localConsolidatedShare":0.0005537455503740844,"localConsolidatedMass":859,"localContributorCount":1,"localContributorDistancesKm":[],"rejectionReasons":["below_min_points_per_center"]},{"longitude":-87.40222,"latitude":20.25222,"massShare":0.00040032128845437305,"assignedMass":621,"assignedPointCount":1,"prominenceRatio":1,"strongestCompetitorDistanceKm":54.72327442832995,"strongestCompetitorPotential":null,"localConsolidatedShare":0.00040032128845437305,"localConsolidatedMass":621,"localContributorCount":1,"localContributorDistancesKm":[],"rejectionReasons":["below_min_points_per_center"]},{"longitude":-86.99476,"latitude":21.39123,"massShare":0.0003300555550541691,"assignedMass":512,"assignedPointCount":1,"prominenceRatio":1,"strongestCompetitorDistanceKm":30.121338681330084,"strongestCompetitorPotential":117743.7779407082,"localConsolidatedShare":0.0003300555550541691,"localConsolidatedMass":512,"localContributorCount":1,"localContributorDistancesKm":[],"rejectionReasons":["below_min_points_per_center"]},{"longitude":-87.35522,"latitude":20.60454,"massShare":0.0003165181201789004,"assignedMass":491,"assignedPointCount":1,"prominenceRatio":1,"strongestCompetitorDistanceKm":29.354805035879163,"strongestCompetitorPotential":71799.69644236403,"localConsolidatedShare":0.0003165181201789004,"localConsolidatedMass":491,"localContributorCount":1,"localContributorDistancesKm":[],"rejectionReasons":["below_min_points_per_center"]},{"longitude":-86.96649334728033,"latitude":20.85275882845188,"massShare":0.00030813780335135315,"assignedMass":478,"assignedPointCount":2,"prominenceRatio":1,"strongestCompetitorDistanceKm":26.234113182057268,"strongestCompetitorPotential":71799.69644236403,"localConsolidatedShare":0.00030813780335135315,"localConsolidatedMass":478,"localContributorCount":1,"localContributorDistancesKm":[],"rejectionReasons":["below_min_points_per_center"]},{"longitude":-87.07333,"latitude":20.86893,"massShare":0.00024754166629062683,"assignedMass":384,"assignedPointCount":1,"prominenceRatio":1,"strongestCompetitorDistanceKm":25.697655251672252,"strongestCompetitorPotential":71799.69644236403,"localConsolidatedShare":0.00024754166629062683,"localConsolidatedMass":384,"localContributorCount":1,"localContributorDistancesKm":[],"rejectionReasons":["below_min_points_per_center"]},{"longitude":-87.35713,"latitude":20.31949,"massShare":0.0001656724172830497,"assignedMass":257,"assignedPointCount":1,"prominenceRatio":1,"strongestCompetitorDistanceKm":45.963047646969514,"strongestCompetitorPotential":71799.69644236403,"localConsolidatedShare":0.0001656724172830497,"localConsolidatedMass":257,"localContributorCount":1,"localContributorDistancesKm":[],"rejectionReasons":["below_min_points_per_center"]},{"longitude":-87.38105987951808,"latitude":20.29146626506024,"massShare":0.00016051529923532832,"assignedMass":249,"assignedPointCount":2,"prominenceRatio":1,"strongestCompetitorDistanceKm":49.92623627216288,"strongestCompetitorPotential":71799.69644236403,"localConsolidatedShare":0.00016051529923532832,"localConsolidatedMass":249,"localContributorCount":1,"localContributorDistancesKm":[],"rejectionReasons":["below_min_points_per_center"]},{"longitude":-86.99285525075528,"latitude":21.088339564954687,"massShare":0.001066878796122363,"assignedMass":1655,"assignedPointCount":11,"prominenceRatio":1,"strongestCompetitorDistanceKm":26.4330726062088,"strongestCompetitorPotential":117743.7779407082,"localConsolidatedShare":0.001066878796122363,"localConsolidatedMass":1655,"localContributorCount":1,"localContributorDistancesKm":[],"rejectionReasons":["below_secondary_share_floor"]},{"longitude":-86.86543346341462,"latitude":20.442254780487804,"massShare":0.00013215114997286066,"assignedMass":205,"assignedPointCount":2,"prominenceRatio":1,"strongestCompetitorDistanceKm":30.750818540108,"strongestCompetitorPotential":71799.69644236403,"localConsolidatedShare":0.00013215114997286066,"localConsolidatedMass":205,"localContributorCount":1,"localContributorDistancesKm":[],"rejectionReasons":["below_min_points_per_center"]},{"longitude":-86.98793,"latitude":20.27291,"massShare":0.00010507628022232335,"assignedMass":163,"assignedPointCount":1,"prominenceRatio":1,"strongestCompetitorDistanceKm":41.56888015824221,"strongestCompetitorPotential":71799.69644236403,"localConsolidatedShare":0.00010507628022232335,"localConsolidatedMass":163,"localContributorCount":1,"localContributorDistancesKm":[],"rejectionReasons":["below_min_points_per_center"]},{"longitude":-86.84513,"latitude":20.49826,"massShare":0.00007735677071582087,"assignedMass":120,"assignedPointCount":1,"prominenceRatio":1,"strongestCompetitorDistanceKm":28.459826776490413,"strongestCompetitorPotential":71799.69644236403,"localConsolidatedShare":0.00007735677071582087,"localConsolidatedMass":120,"localContributorCount":1,"localContributorDistancesKm":[],"rejectionReasons":["below_min_points_per_center"]},{"longitude":-87,"latitude":21,"massShare":0.000057372938280900484,"assignedMass":89,"assignedPointCount":1,"prominenceRatio":1,"strongestCompetitorDistanceKm":24.626373889566892,"strongestCompetitorPotential":117743.7779407082,"localConsolidatedShare":0.000057372938280900484,"localConsolidatedMass":89,"localContributorCount":1,"localContributorDistancesKm":[],"rejectionReasons":["below_min_points_per_center"]},{"longitude":-87.09036,"latitude":21.10533,"massShare":0.00001289279511930348,"assignedMass":20,"assignedPointCount":1,"prominenceRatio":1,"strongestCompetitorDistanceKm":26.863766200630163,"strongestCompetitorPotential":117743.7779407082,"localConsolidatedShare":0.00001289279511930348,"localConsolidatedMass":20,"localContributorCount":1,"localContributorDistancesKm":[],"rejectionReasons":["below_min_points_per_center"]}]}}}}}
